AppName,Icon,Screenshot1,Screenshot2,Screenshot3,CompanyName,CompanyLInk,AppRating
"","","","","","","",""
"","","","","","","",""
SuperShuttle,https://is2-ssl.mzstatic.com/image/thumb/Purple124/v4/7c/3e/3a/7c3e3aea-9e00-7d3f-fcdf-f18adbdf1d72/AppIcon-Prod-0-0-1x_U007emarketing-0-0-0-7-0-0-sRGB-0-0-0-GLES2_U002c0-512MB-85-220-0-0.png/246x0w.png,https://is2-ssl.mzstatic.com/image/thumb/Purple113/v4/f1/79/f9/f179f917-115a-abba-f2c8-0932ec318ddc/mzl.snfzvbke.png/300x0w.png,https://is3-ssl.mzstatic.com/image/thumb/Purple123/v4/c4/45/1b/c4451bbf-5c70-1d4b-077e-e8055ada712b/mzl.pnqzrsvm.png/300x0w.png,https://is3-ssl.mzstatic.com/image/thumb/Purple113/v4/e4/83/86/e4838661-1ba0-7054-7b93-831cb115bed0/mzl.gvzkxuso.png/300x0w.png,"© 2019 SuperShuttle, Inc.",https://www.supershuttle.com/,"4.7, 7.9K Ratings"
RVezy - RV &amp; Trailer Rental,https://is1-ssl.mzstatic.com/image/thumb/Purple114/v4/b7/e8/a5/b7e8a573-0569-2995-1d56-55df36551f3c/AppIcon-0-0-1x_U007emarketing-0-0-0-7-0-0-sRGB-0-0-0-GLES2_U002c0-512MB-85-220-0-0.png/246x0w.png,https://is4-ssl.mzstatic.com/image/thumb/Purple113/v4/ef/2b/31/ef2b3117-c3db-07c2-5874-2c0c948fc67c/pr_source.png/300x0w.png,https://is1-ssl.mzstatic.com/image/thumb/Purple124/v4/d8/06/7e/d8067ec8-34dc-e83e-899a-9a1346405cf5/pr_source.png/300x0w.png,https://is5-ssl.mzstatic.com/image/thumb/Purple113/v4/80/45/1d/80451d33-0f28-3180-272f-04218f53d2a3/pr_source.png/300x0w.png,"© 2018 RVezy, All rights reserved.",https://www.rvezy.com/,"3.0, 2 Ratings"
Baggage - travel packing organizer and checklist,https://is4-ssl.mzstatic.com/image/thumb/Purple62/v4/e3/34/94/e334940e-df24-0c1b-9256-1706ccf7a7fe/mzl.mfxjxzmj.png/246x0w.png,https://is5-ssl.mzstatic.com/image/thumb/Purple71/v4/99/84/df/9984df79-30f6-44e6-830b-15feeebf7ab6/mzl.xqvdasax.png/300x0w.png,https://is4-ssl.mzstatic.com/image/thumb/Purple62/v4/07/75/01/07750155-6224-ad97-62c6-97b936d81acd/mzl.uwdoycmu.png/300x0w.png,https://is4-ssl.mzstatic.com/image/thumb/Purple71/v4/89/80/5c/89805cf1-fa33-5223-167a-e5ffbacc5a20/mzl.dwodpdyg.png/300x0w.png,© Evgeny Turchaninov,http://www.avencode.com,"3.0, 2 Ratings"
"","","","","","","",""
Park Duluth,https://is2-ssl.mzstatic.com/image/thumb/Purple113/v4/16/1e/4f/161e4f2e-74b4-0647-e39d-dcbef72f7de1/AppIcon-0-0-1x_U007emarketing-0-0-0-7-0-0-sRGB-0-0-0-GLES2_U002c0-512MB-85-220-0-0.png/246x0w.png,https://is1-ssl.mzstatic.com/image/thumb/Purple113/v4/09/f6/4c/09f64ca4-521d-d3f4-b893-e5681efcec52/pr_source.png/300x0w.png,https://is5-ssl.mzstatic.com/image/thumb/Purple123/v4/e4/29/b5/e429b5bc-7eb1-cc09-18b7-5219816541b4/pr_source.png/300x0w.png,https://is2-ssl.mzstatic.com/image/thumb/Purple113/v4/5b/4f/4c/5b4f4c16-57b2-ff47-7b7f-e4b223bee656/pr_source.png/300x0w.png,© 2020 Passport. All rights reserved.,https://www.passportparking.com/support/,"4.6, 267 Ratings"
Scoop - Carpool w/ Co-Workers,https://is3-ssl.mzstatic.com/image/thumb/Purple114/v4/4f/04/82/4f048247-f4d0-200d-0619-a41034afa06f/AppIcon-Scoop-0-0-1x_U007emarketing-0-0-0-5-0-0-sRGB-0-0-0-GLES2_U002c0-512MB-85-220-0-0.png/246x0w.png,https://is4-ssl.mzstatic.com/image/thumb/Purple124/v4/54/bf/cf/54bfcf45-a4ce-b486-11aa-b3ad56502caf/258aae9d-9267-408a-9724-7ef924c30d62_Screenshot_1.png/300x0w.png,https://is3-ssl.mzstatic.com/image/thumb/Purple124/v4/97/f7/b0/97f7b005-cf48-5de9-b8e3-0e7b5017a86b/d8decaa8-4200-40ae-b2f2-f40e35a3c44d_Screenshot_2.png/300x0w.png,https://is5-ssl.mzstatic.com/image/thumb/Purple114/v4/ba/ab/e7/baabe7fe-4803-8662-2bf8-9e3c2674db2c/cdccf1e8-6858-4cdd-939d-423fe2e724ff_Screenshot_3.png/300x0w.png,"© 2020 Scoop Technologies, Inc.",http://www.takescoop.com,"4.8, 18.4K Ratings"
Exp Deals Hotel,https://is3-ssl.mzstatic.com/image/thumb/Purple118/v4/f7/f7/a4/f7f7a487-d236-c2b5-6a73-b70f89e913fa/mzl.jwaioyrg.png/246x0w.png,https://is3-ssl.mzstatic.com/image/thumb/Purple60/v4/64/0f/73/640f73d6-ca9b-7ccb-069e-d7bba57765e0/pr_source.jpg/300x0w.jpg,https://is5-ssl.mzstatic.com/image/thumb/Purple30/v4/fb/40/87/fb40874e-9d6f-8159-0c97-6ca2f437d750/pr_source.jpg/300x0w.jpg,https://is1-ssl.mzstatic.com/image/thumb/Purple18/v4/c2/19/7b/c2197bcf-fade-80d2-f349-29d3e71a7ed2/pr_source.jpg/300x0w.jpg,© 2016 ExpDealsHotel Inc.,http://expdealshotel.com,"2.2, 94 Ratings"
"","","","","","","",""
MouseWait Disneyland PLATINUM,https://is2-ssl.mzstatic.com/image/thumb/Purple113/v4/9b/f7/e0/9bf7e0c9-900e-4a9c-ae3b-8cd0e9b01a5b/MWPlatinum-1x_U007emarketing-0-7-0-0-85-220.png/246x0w.png,https://is5-ssl.mzstatic.com/image/thumb/PurpleSource113/v4/65/b8/90/65b8901d-0311-e201-c60e-c34eff2a7ff6/d151cd7f-b3f7-497b-b527-a6e1638899e2_1.png/300x0w.png,https://is5-ssl.mzstatic.com/image/thumb/PurpleSource123/v4/c4/76/d1/c476d193-21ad-c098-3a53-a08b5b40da9d/9d534a9b-94ae-4499-bf80-776378971e4e_1242x2688_MW_10_Dashboard.png/300x0w.png,https://is1-ssl.mzstatic.com/image/thumb/PurpleSource123/v4/2a/05/c0/2a05c050-485e-5139-ac52-225e3bbabe96/b0c9c806-14f3-4573-9f97-3fb187a17138_3.png/300x0w.png,© 2009-2020 app316.com,http://mousewait.com,"4.6, 768 Ratings"
"","","","","","","",""
"","","","","","","",""
Middle-earth Guidebook NZ,https://is1-ssl.mzstatic.com/image/thumb/Purple118/v4/9a/cb/c2/9acbc2e9-ee70-1483-f826-e16046894b01/AppIcon-1x_U007emarketing-0-0-GLES2_U002c0-512MB-sRGB-0-0-0-85-220-0-0-0-6.png/246x0w.png,https://is1-ssl.mzstatic.com/image/thumb/Purple118/v4/4d/d7/2d/4dd72daa-3ae4-c0bd-8670-cd002f90964e/pr_source.png/300x0w.png,https://is4-ssl.mzstatic.com/image/thumb/Purple128/v4/4a/e9/90/4ae990ee-e386-8a08-c5cb-2650c570bdd1/pr_source.png/300x0w.png,https://is5-ssl.mzstatic.com/image/thumb/Purple128/v4/52/c1/12/52c11277-1f24-39bc-0bd5-9700804c8b54/pr_source.png/300x0w.png,© Shuo Lu,https://ar-maps.tumblr.com,"5.0, 1 Rating"
"","","","","","","",""
"","","","","","","",""
"","","","","","","",""
Toll Calculator GPS Navigation,https://is5-ssl.mzstatic.com/image/thumb/Purple124/v4/5f/fe/5f/5ffe5ff3-22e9-2e88-ed42-3d7665d3ce18/AppIcon-0-0-1x_U007emarketing-0-0-0-10-0-0-sRGB-0-0-0-GLES2_U002c0-512MB-85-220-0-0.png/246x0w.png,https://is3-ssl.mzstatic.com/image/thumb/Purple113/v4/5f/70/d7/5f70d713-93d1-287f-3cf5-98ba1c84aac0/pr_source.png/300x0w.png,https://is2-ssl.mzstatic.com/image/thumb/Purple123/v4/e1/a1/f5/e1a1f5a1-6991-f847-e1e0-acc49386267b/pr_source.png/300x0w.png,https://is4-ssl.mzstatic.com/image/thumb/Purple113/v4/67/26/b2/6726b20d-387e-2b94-de64-3e12cde90a8e/pr_source.png/300x0w.png,© InfoTalk 2012 - Present,http://www.infotalkcorporation.com,"4.7, 11K Ratings"
"","","","","","","",""
"","","","","","","",""
Shohoz App,https://is3-ssl.mzstatic.com/image/thumb/Purple114/v4/16/f9/8e/16f98e17-f553-e417-97d4-88a447219092/AppIcon-1x_U007emarketing-0-7-0-0-85-220.png/246x0w.png,https://is1-ssl.mzstatic.com/image/thumb/Purple113/v4/63/4c/82/634c82f8-2804-3461-62da-9b58c73d491b/pr_source.jpg/300x0w.jpg,https://is5-ssl.mzstatic.com/image/thumb/Purple123/v4/67/5b/03/675b03a3-4b99-fd9c-5649-2bfe1b4aa211/pr_source.png/300x0w.png,https://is1-ssl.mzstatic.com/image/thumb/Purple113/v4/7a/d4/07/7ad40754-3ad5-e99b-5269-79a2c6bdb617/pr_source.png/300x0w.png,© 2017 Shohoz.com,http://rides.shohoz.com,"3.2, 517 Ratings"
"","","","","","","",""
"","","","","","","",""
Belgian Beer Tour in Brussels,https://is4-ssl.mzstatic.com/image/thumb/Purple118/v4/67/4a/66/674a6645-17e6-b3e1-dd0a-799e9831506c/AppIcon-1x_U007emarketing-0-0-GLES2_U002c0-512MB-sRGB-0-0-0-85-220-0-0-0-6.png/246x0w.png,https://is1-ssl.mzstatic.com/image/thumb/Purple128/v4/03/0b/15/030b1536-449f-0da5-e27c-6568426a5ab4/pr_source.png/300x0w.png,https://is4-ssl.mzstatic.com/image/thumb/Purple128/v4/9c/5d/48/9c5d4862-b8d0-2ffc-6ea2-19c70f3d9d65/pr_source.png/300x0w.png,https://is3-ssl.mzstatic.com/image/thumb/Purple118/v4/4c/61/db/4c61dbc0-f53f-38a8-3c14-28893beda96c/pr_source.png/300x0w.png,© 2010 GPSmyCity.com Inc.,http://www.gpsmycity.com,"2.0, 1 Rating"
"","","","","","","",""
"","","","","","","",""
"","","","","","","",""
Branson Entertainment Guide !,https://is3-ssl.mzstatic.com/image/thumb/Purple118/v4/bf/e1/d8/bfe1d89c-f240-77fb-93fe-4d6806a3bdaf/AppIcon-1x_U007emarketing-85-220-6.png/246x0w.png,https://is1-ssl.mzstatic.com/image/thumb/Purple128/v4/97/29/01/972901fe-1619-4de7-a915-45e3e1ce3b3f/pr_source.jpg/300x0w.jpg,https://is1-ssl.mzstatic.com/image/thumb/Purple128/v4/cd/6c/c1/cd6cc118-2894-29f7-9dd6-8a06a7cf2d2a/pr_source.jpg/300x0w.jpg,https://is2-ssl.mzstatic.com/image/thumb/Purple118/v4/82/7d/27/827d2775-bdaf-d780-c2dc-f867190b7da8/pr_source.jpg/300x0w.jpg,© 2018 - 2019 Fantastic Caverns,http://fantasticcaverns.com,"1.0, 1 Rating"
"","","","","","","",""
High&#x2019;s Rewards,https://is1-ssl.mzstatic.com/image/thumb/Purple113/v4/27/c8/dc/27c8dce7-a2d4-23ce-f69a-3e483f97606f/AppIcon-0-0-1x_U007emarketing-0-0-0-5-0-0-sRGB-0-0-0-GLES2_U002c0-512MB-85-220-0-0.png/246x0w.png,https://is1-ssl.mzstatic.com/image/thumb/PurpleSource123/v4/cc/3e/7c/cc3e7c73-49f8-b14d-5cad-8e0717b87647/b55b85a9-c28f-4e1a-aec2-745c1f4931c0_Simulator_Screen_Shot_-_iPhone_11_Pro_Max_-_2020-06-25_at_19.23.34.png/300x0w.png,https://is5-ssl.mzstatic.com/image/thumb/PurpleSource123/v4/75/9d/50/759d5019-b4cd-1e86-7b75-1561ea446f93/fc7aba86-2c47-43af-8c57-c852ea51b2f0_Simulator_Screen_Shot_-_iPhone_11_Pro_Max_-_2020-06-25_at_19.24.25.png/300x0w.png,https://is3-ssl.mzstatic.com/image/thumb/PurpleSource113/v4/71/eb/7e/71eb7e5c-ee25-54eb-db45-d66987f8d3a3/c804e4df-0847-475f-8888-fffe721b705a_Simulator_Screen_Shot_-_iPhone_11_Pro_Max_-_2020-06-25_at_19.24.32.png/300x0w.png,© 2019 High's powered by SaveAround,https://highs.poweredbyzipline.com/,"3.5, 11 Ratings"
"","","","","","","",""
"","","","","","","",""
"","","","","","","",""
"","","","","","","",""
Chinese Pretati - Speak with Audio Translation,https://is1-ssl.mzstatic.com/image/thumb/Purple22/v4/a7/4b/5a/a74b5ada-03e4-3b28-50f2-ccc35e465f05/mzl.gffecnej.png/246x0w.png,https://is4-ssl.mzstatic.com/image/thumb/Purple71/v4/3f/29/7c/3f297cdc-ae0a-1b1d-9109-615b5a202517/pr_source.png/300x0w.png,https://is2-ssl.mzstatic.com/image/thumb/Purple62/v4/ad/2a/fd/ad2afdd7-61e6-999a-2ab6-6d258d27b349/pr_source.png/300x0w.png,https://is4-ssl.mzstatic.com/image/thumb/Purple62/v4/6f/01/21/6f012124-7ef2-22f2-d479-f1021a76a658/pr_source.png/300x0w.png,© Digital Avenues,http://www.pretati.com,"1.0, 1 Rating"
Air Radar: Flight Tracker,https://is1-ssl.mzstatic.com/image/thumb/Purple123/v4/0f/8f/3a/0f8f3a9a-b4ab-b453-bf6c-4e869dd1649c/AppIcon-0-0-1x_U007emarketing-0-0-0-5-85-220.png/246x0w.png,https://is2-ssl.mzstatic.com/image/thumb/Purple123/v4/71/2a/34/712a344a-4aa3-5fc3-c6cb-3e2e7f790d92/pr_source.png/300x0w.png,https://is4-ssl.mzstatic.com/image/thumb/Purple123/v4/26/7f/94/267f94c5-5891-d4e7-d7bf-385691457327/pr_source.png/300x0w.png,https://is4-ssl.mzstatic.com/image/thumb/Purple113/v4/c5/51/67/c5516784-71b8-ded6-ea45-d605e68bd027/pr_source.png/300x0w.png,© 2015 Alper Gönen,http://www.alpergonen.com,"2.0, 3 Ratings"
"","","","","","","",""
"","","","","","","",""
Essential Spanish Mexico,https://is3-ssl.mzstatic.com/image/thumb/Purple122/v4/e3/0d/0d/e30d0dfb-19ad-65c0-54fe-17fc22b5cd57/mzl.lkcfibnh.jpg/246x0w.jpg,https://is3-ssl.mzstatic.com/image/thumb/Purple128/v4/a9/78/c8/a978c8b7-258d-d582-964d-6d4177e25691/pr_source.png/300x0w.png,https://is4-ssl.mzstatic.com/image/thumb/Purple118/v4/6d/a0/1a/6da01a69-6946-b944-8f88-cd7d167a4895/pr_source.png/300x0w.png,/assets/images/supports/supports-FamilySharing@2x-f58f31bc78fe9fe7be3565abccbecb34.png,© 2013 RAO Inc,http://www.raoinc.com,"3.0, 2 Ratings"
Rover&#x2014;Dog Sitters &amp; Walkers,https://is5-ssl.mzstatic.com/image/thumb/Purple114/v4/4b/00/f2/4b00f219-af73-177a-19fc-739cb3383bbb/AppIcon-1x_U007emarketing-0-9-0-0-85-220.png/246x0w.png,https://is3-ssl.mzstatic.com/image/thumb/Purple123/v4/e2/83/19/e28319b0-8e98-9a69-aafb-9681d09e1d9d/pr_source.png/300x0w.png,https://is1-ssl.mzstatic.com/image/thumb/Purple113/v4/dd/f3/4e/ddf34e97-71a7-7633-865e-1a770528a68a/pr_source.png/300x0w.png,https://is5-ssl.mzstatic.com/image/thumb/Purple123/v4/98/9f/12/989f12b1-1c63-4900-4525-5824bbfce947/pr_source.png/300x0w.png,"© Rover.com, All Rights Reserved",http://www.rover.com/,"4.9, 220.8K Ratings"
"","","","","","","",""
"","","","","","","",""
"","","","","","","",""
"","","","","","","",""
"","","","","","","",""
"","","","","","","",""
&#x9AD8;&#x94C1;&#x7BA1;&#x5BB6;PRO,https://is2-ssl.mzstatic.com/image/thumb/Purple114/v4/48/d7/86/48d7866b-e2a3-f845-ad71-b3069b3b11c7/AppIconpro-0-0-1x_U007emarketing-0-0-0-10-0-0-sRGB-0-0-0-GLES2_U002c0-512MB-85-220-0-0.png/246x0w.png,https://is1-ssl.mzstatic.com/image/thumb/Purple123/v4/88/75/c1/8875c130-874d-beb1-87fd-4c45ec47ce58/pr_source.png/643x0w.png,https://is2-ssl.mzstatic.com/image/thumb/Purple123/v4/d5/8c/a9/d58ca93f-59b7-7d55-2d42-9f4a6101ab4c/pr_source.png/300x0w.png,https://is2-ssl.mzstatic.com/image/thumb/Purple113/v4/6a/a7/1c/6aa71cf8-1f43-cf57-4fd1-b3cf15b53ce4/pr_source.png/300x0w.png,"© Huoli Century Technology (Beijing) Co., Ltd.",http://www.133.cn,"3.5, 11 Ratings"
OBD Tracker - ELM327 Terminal,https://is3-ssl.mzstatic.com/image/thumb/Purple128/v4/87/59/ce/8759ce28-25f8-8893-4adb-7fd702ad4e60/AppIcon-1x_U007emarketing-85-220-6.png/246x0w.png,https://is2-ssl.mzstatic.com/image/thumb/Purple128/v4/97/28/da/9728dae3-c34c-7f60-ad07-2a143902d38b/pr_source.png/643x0w.png,https://is5-ssl.mzstatic.com/image/thumb/Purple118/v4/9e/97/fc/9e97fcc1-883d-d275-354a-1ccd1ab70cb5/pr_source.png/643x0w.png,/assets/images/supports/supports-FamilySharing@2x-f58f31bc78fe9fe7be3565abccbecb34.png,© SMART Technologies GmBH,http://smarttechnologiesgmbh.helpsite.io/contact,"3.7, 43 Ratings"
"","","","","","","",""
Bahia Principe Hotels,https://is5-ssl.mzstatic.com/image/thumb/Purple82/v4/d4/93/99/d49399ce-67fc-57f0-83f3-533c592cd9bc/mzl.gfbvjcsh.png/246x0w.png,https://is2-ssl.mzstatic.com/image/thumb/Purple111/v4/0b/6d/07/0b6d0729-15c7-c28a-dc5b-9d62a98b8288/pr_source.png/300x0w.png,/assets/images/supports/supports-FamilySharing@2x-f58f31bc78fe9fe7be3565abccbecb34.png,https://is4-ssl.mzstatic.com/image/thumb/Purple124/v4/d9/b5/d0/d9b5d0ff-bd40-9cff-06c5-64b597fdafa6/AppIcon-0-0-1x_U007emarketing-0-0-0-6-0-0-sRGB-0-0-0-GLES2_U002c0-512MB-85-220-0-0.png/320x0w.png,© Grupo Piñero,http://www.bahia-principe.com,"1.5, 92 Ratings"
"","","","","","","",""
i-Boating:Caribbean Marine/Nautical Charts &amp; Maps,https://is1-ssl.mzstatic.com/image/thumb/Purple62/v4/2a/cb/7e/2acb7e33-3999-5a0f-f86e-49cc14874f56/mzl.vbyeyyvj.png/246x0w.png,https://is1-ssl.mzstatic.com/image/thumb/Purple69/v4/17/78/74/17787465-b0e8-0d0c-92bc-a01609c88b10/pr_source.png/300x0w.png,https://is4-ssl.mzstatic.com/image/thumb/Purple69/v4/7c/d8/5e/7cd85ea3-2dd4-6394-3219-b84f495a1e3b/pr_source.png/300x0w.png,https://is5-ssl.mzstatic.com/image/thumb/Purple49/v4/70/64/ba/7064bac7-1255-24f1-bb02-150728c13a1f/pr_source.png/300x0w.png,© 2014 Bist LLC,http://gpsnauticalcharts.com,"4.3, 4 Ratings"
"","","","","","","",""
"","","","","","","",""
"","","","","","","",""
"","","","","","","",""
Ecolane,https://is5-ssl.mzstatic.com/image/thumb/Purple123/v4/a2/88/6a/a2886a03-294b-1e89-e73d-162a0d7be379/AppIcon-1x_U007emarketing-0-10-0-0-85-220.png/246x0w.png,https://is3-ssl.mzstatic.com/image/thumb/Purple113/v4/f7/86/7a/f7867a83-f46e-1508-9ac5-ca869e764e89/pr_source.png/300x0w.png,https://is2-ssl.mzstatic.com/image/thumb/Purple123/v4/14/ab/fc/14abfcd3-1b20-d01d-1455-70618e909f73/pr_source.png/300x0w.png,https://is5-ssl.mzstatic.com/image/thumb/Purple123/v4/a5/5e/77/a55e77a6-ad1a-2011-ed8d-d9925505914d/pr_source.png/300x0w.png,"© 2020 Ecolane USA, Inc.",https://www.ecolane.com/mobile-app-demo,"1.9, 13 Ratings"
VR Virtual Reality Oktoberfest Roller Coaster Rides,https://is4-ssl.mzstatic.com/image/thumb/Purple49/v4/af/70/68/af7068f6-84a0-5442-03d8-0adc9c877df1/mzl.navnkfmi.png/246x0w.png,https://is3-ssl.mzstatic.com/image/thumb/Purple49/v4/8b/2f/33/8b2f33bd-d721-7706-b8c8-881b3f31fe84/mzl.zpknnamq.png/643x0w.png,https://is1-ssl.mzstatic.com/image/thumb/Purple2/v4/b9/54/b4/b954b449-fe9b-5c86-eb7a-578d3cc47d3f/mzl.hsweooen.png/643x0w.png,https://is5-ssl.mzstatic.com/image/thumb/Purple69/v4/ce/7a/fd/ce7afd6c-d658-5270-0772-e5c3d94a0ef9/mzl.jahzcsof.png/643x0w.png,© press360,http://360apps.info,"2.5, 2 Ratings"
"","","","","","","",""
Hotel Engine,https://is4-ssl.mzstatic.com/image/thumb/Purple124/v4/0d/e9/66/0de96677-74da-d176-4da9-7a3549cbd800/AppIcon-0-0-1x_U007emarketing-0-0-0-8-0-0-sRGB-0-0-0-GLES2_U002c0-512MB-85-220-0-0.png/246x0w.png,https://is1-ssl.mzstatic.com/image/thumb/Purple113/v4/9d/bb/b2/9dbbb250-ab93-5518-2cdb-2b4bbd06625f/pr_source.jpg/300x0w.jpg,https://is4-ssl.mzstatic.com/image/thumb/Purple113/v4/93/03/26/930326fc-6936-56bb-7a7a-1a53d98fb491/pr_source.jpg/300x0w.jpg,https://is4-ssl.mzstatic.com/image/thumb/Purple123/v4/62/b7/78/62b778c9-53e8-069f-7ec2-4c57278c6cc4/pr_source.jpg/300x0w.jpg,© 2020 Hotel Engine LLC,https://www.hotelengine.com,"4.3, 26 Ratings"
Basel Travel Guide Offline,https://is4-ssl.mzstatic.com/image/thumb/Purple118/v4/70/ad/b0/70adb024-ae3e-6f96-b660-18fcba143a6f/pr_source.png/246x0w.png,https://is5-ssl.mzstatic.com/image/thumb/Purple118/v4/90/31/d1/9031d15b-e9b7-54a3-c3ef-7b3fde22e47b/pr_source.png/300x0w.png,https://is3-ssl.mzstatic.com/image/thumb/Purple128/v4/8f/c5/c7/8fc5c748-f978-509e-06ac-f36fea4175ec/pr_source.png/300x0w.png,https://is4-ssl.mzstatic.com/image/thumb/Purple118/v4/99/95/46/999546c7-d981-2373-d4c3-d00334ba8362/pr_source.png/300x0w.png,© 2017 cityscouter GmbH,http://www.cityscouter.com/mobile/Basel-Travel-Guide-Offline-124_Basel-1.html,"1.0, 1 Rating"
"","","","","","","",""
Scuba Calendar,https://is3-ssl.mzstatic.com/image/thumb/Purple124/v4/36/e1/fb/36e1fbae-6226-d16e-8c7c-2dda43275ebb/AppIcon-0-0-1x_U007emarketing-0-0-0-10-0-0-sRGB-0-0-0-GLES2_U002c0-512MB-85-220-0-0.png/246x0w.png,https://is5-ssl.mzstatic.com/image/thumb/PurpleSource124/v4/b5/5d/b0/b55db077-9f22-7a48-29ef-99314126f6e2/2c30ed8e-c94e-41f7-956d-1da55b1d6611_Untitled-7.png/300x0w.png,https://is1-ssl.mzstatic.com/image/thumb/PurpleSource124/v4/62/34/5c/62345c36-2146-7faf-b6cc-d92335f53ffa/cc955fe0-bfa6-4478-8da6-ea0aa0ecffed_Untitled-8.png/300x0w.png,https://is3-ssl.mzstatic.com/image/thumb/PurpleSource114/v4/2c/5d/ec/2c5dec5b-2e07-c5a5-a4dc-c67663b49ac4/8b3d44b8-c75a-4a87-a23e-9913a49a3dc6_Untitled-1.png/300x0w.png,© 2018 Scuba Calendar,https://scuba-calendar.com/,""
"","","","","","","",""
"","","","","","","",""
"","","","","","","",""
NY State Parks Explorer,https://is3-ssl.mzstatic.com/image/thumb/Purple123/v4/58/93/71/5893712f-4fa8-847e-ae60-08db9e6104fa/AppIcon-0-0-1x_U007emarketing-0-0-0-7-0-0-sRGB-0-0-0-GLES2_U002c0-512MB-85-220-0-0.png/246x0w.png,https://is3-ssl.mzstatic.com/image/thumb/Purple123/v4/d4/e0/6a/d4e06a81-0ee3-d6b4-ae23-9e372c0b8e72/pr_source.png/300x0w.png,https://is2-ssl.mzstatic.com/image/thumb/Purple123/v4/10/01/f9/1001f90e-8c4e-23dc-4407-baa1b102eb77/pr_source.png/300x0w.png,https://is4-ssl.mzstatic.com/image/thumb/Purple113/v4/5a/0a/0c/5a0a0cef-1dc1-1217-f7e8-992e4b71691c/pr_source.png/300x0w.png,"© New York State Parks, Recreation and Historic Preservation, 2020. All rights reserved.",http://apps.cio.ny.gov/apps/support/index.cfm?app=1,"4.0, 33 Ratings"
"","","","","","","",""
Rest Stops Plus,https://is5-ssl.mzstatic.com/image/thumb/Purple113/v4/bb/58/98/bb58989f-043d-0b1d-e22b-4233bd91a530/AppIcon-0-1x_U007emarketing-0-0-85-220-7.png/246x0w.png,https://is1-ssl.mzstatic.com/image/thumb/Purple113/v4/b9/e3/7a/b9e37aef-705e-4ec8-6617-9cd01be7441f/pr_source.png/300x0w.png,https://is3-ssl.mzstatic.com/image/thumb/Purple123/v4/f8/5b/74/f85b7489-f507-55c4-a3c8-d5c0323168d6/pr_source.png/300x0w.png,https://is2-ssl.mzstatic.com/image/thumb/Purple113/v4/83/7f/9b/837f9bff-4cd6-5e55-3d26-503b5a8a1d31/pr_source.png/300x0w.png,© 2020 AllStays LLC. All rights Reserved,https://www.allstays.com/apps/reststops.htm,"4.2, 35 Ratings"
"","","","","","","",""
"","","","","","","",""
TV Maps,https://is3-ssl.mzstatic.com/image/thumb/Purple128/v4/ad/3d/97/ad3d97cc-12f1-4945-867a-cb026d1e16c5/mzl.spwqdgpq.png/246x0w.png,https://is5-ssl.mzstatic.com/image/thumb/Purple69/v4/27/83/88/27838889-d254-ab59-8b3b-c565c519c7e7/pr_source.png/300x0w.png,https://is5-ssl.mzstatic.com/image/thumb/Purple49/v4/c0/b8/ad/c0b8adac-ebf2-b7a0-5438-dd72f610a1c3/pr_source.png/300x0w.png,/assets/images/supports/supports-FamilySharing@2x-f58f31bc78fe9fe7be3565abccbecb34.png,© APPenzeller,http://app-enzeller.com,"2.5, 4 Ratings"
Yellowstone Geysers - Upper,https://is1-ssl.mzstatic.com/image/thumb/Purple125/v4/38/91/e4/3891e4d1-5296-a3ef-aee4-8d5e54e214a3/AppIcon-1x_U007emarketing-0-0-GLES2_U002c0-512MB-P3-0-0-0-85-220-0-0-0-4.png/246x0w.png,https://is1-ssl.mzstatic.com/image/thumb/Purple128/v4/0f/ad/f8/0fadf84c-3ac7-4bb3-4119-12c62ab46c43/pr_source.png/300x0w.png,https://is5-ssl.mzstatic.com/image/thumb/Purple118/v4/3a/c5/54/3ac554ce-e997-c8c7-db26-eeb2deed821a/pr_source.png/300x0w.png,https://is5-ssl.mzstatic.com/image/thumb/Purple118/v4/aa/10/6e/aa106e25-e7f5-877b-8115-f14b5564a12d/pr_source.png/300x0w.png,© Tour Solutions LLC,http://tour.solutions,"5.0, 7 Ratings"
"","","","","","","",""
SmartRVRoute,https://is1-ssl.mzstatic.com/image/thumb/Purple123/v4/49/40/dc/4940dcd1-f9f8-a47d-69ea-72fad556d010/AppIcon-0-0-1x_U007emarketing-0-0-0-10-0-0-sRGB-0-0-0-GLES2_U002c0-512MB-85-220-0-0.png/246x0w.png,https://is4-ssl.mzstatic.com/image/thumb/Purple113/v4/38/4a/62/384a6220-5299-c8b3-01f6-acec58b0fa2f/pr_source.png/300x0w.png,https://is2-ssl.mzstatic.com/image/thumb/Purple123/v4/9d/41/d7/9d41d7af-a639-6727-90c4-4037f54e5f28/pr_source.png/300x0w.png,https://is1-ssl.mzstatic.com/image/thumb/Purple113/v4/1f/3c/ca/1f3ccad3-a89a-0d31-d2ac-3ef79e70ae37/pr_source.png/300x0w.png,© 2020 TeleType Co.,http://www.smartrvroute.com,"2.0, 9 Ratings"
"","","","","","","",""
Amsterdam Metro Guide and Route Planner,https://is5-ssl.mzstatic.com/image/thumb/Purple117/v4/ab/51/0e/ab510e6e-9dbc-59a9-6052-5eb3994a7279/mzl.siothbhl.png/246x0w.png,https://is4-ssl.mzstatic.com/image/thumb/Purple62/v4/45/1e/f6/451ef63c-d78e-a193-04d8-336012d7cb73/mzl.oidtwqvd.png/300x0w.png,https://is4-ssl.mzstatic.com/image/thumb/Purple71/v4/c7/aa/c2/c7aac275-219f-2597-90cf-eb45780c8364/mzl.wwiipxql.png/300x0w.png,https://is3-ssl.mzstatic.com/image/thumb/Purple71/v4/af/40/18/af40185e-8b74-6d37-b8d2-dce0b7a80dd4/mzl.eawvwriz.png/300x0w.png,© 2017 Discover Ukraine LLC,https://metroguides.info/support,""
Easy GPS Tracker,https://is2-ssl.mzstatic.com/image/thumb/Purple118/v4/42/4e/e5/424ee540-e521-9775-ae99-16719f372bc0/mzl.zyxpxpvl.png/246x0w.png,https://is1-ssl.mzstatic.com/image/thumb/Purple122/v4/d8/d9/e2/d8d9e2f8-92ad-3fbd-856b-60454bd6669d/pr_source.png/300x0w.png,https://is4-ssl.mzstatic.com/image/thumb/Purple122/v4/b9/73/21/b97321d6-a62b-2eb9-48a2-f135ee7b7d26/pr_source.png/300x0w.png,https://is3-ssl.mzstatic.com/image/thumb/Purple111/v4/56/74/50/5674502f-6c8b-3b40-82ef-4402c1c59f18/pr_source.png/300x0w.png,© 2014 Thomas Günzel,http://thomasguenzel.com/contact/,"1.0, 2 Ratings"
&#xC57C;&#xB180;&#xC790;,https://is5-ssl.mzstatic.com/image/thumb/Purple124/v4/8a/2b/d0/8a2bd06f-156a-368c-24eb-9678ddc4c197/AppIcon-0-0-1x_U007emarketing-0-0-0-5-0-0-sRGB-0-0-0-GLES2_U002c0-512MB-85-220-0-0.png/246x0w.png,https://is2-ssl.mzstatic.com/image/thumb/PurpleSource114/v4/10/8c/a2/108ca253-38c4-5857-6700-60e882d9561f/d2e1c19e-d0c2-4ece-add9-b3e41cbea43f_7_Uc6d4_Uc2a4_Ud50c_Ub798_Uc2dc_U0028IOS_U0029_1242x2688.jpg/300x0w.jpg,https://is2-ssl.mzstatic.com/image/thumb/Purple124/v4/9d/71/f2/9d71f280-ee77-9c75-6b8e-01df75539531/5e82483a-5e7e-46d9-9eda-e7f989a0e6c0_02.jpg/300x0w.jpg,https://is5-ssl.mzstatic.com/image/thumb/Purple114/v4/70/b2/5e/70b25ead-8534-ffdd-9292-2f98f85a135b/a50979af-f2d4-4d47-8528-984ddfff2fa5_03.jpg/300x0w.jpg,© (주)야놀자,https://www.yanolja.com,"4.8, 2.3K Ratings"
"","","","","","","",""
"","","","","","","",""
SkyTripLogger,https://is3-ssl.mzstatic.com/image/thumb/Purple123/v4/b4/94/4f/b4944fd2-101b-5974-a1be-817fe531fad6/AppIcon-0-0-1x_U007emarketing-0-0-0-4-0-0-sRGB-0-0-0-GLES2_U002c0-512MB-85-220-0-0.png/246x0w.png,https://is5-ssl.mzstatic.com/image/thumb/Purple128/v4/e5/df/60/e5df60e9-f8cd-0208-255a-48166702fa54/pr_source.png/300x0w.png,https://is5-ssl.mzstatic.com/image/thumb/Purple128/v4/16/6c/ab/166cabe7-3acd-6502-9796-d645235dcb3c/pr_source.png/300x0w.png,https://is1-ssl.mzstatic.com/image/thumb/Purple128/v4/6f/46/84/6f4684ef-39dd-8b0b-c4e5-3e33fbc65a11/pr_source.png/300x0w.png,© 2017 Olivier Sachot,https://pictoboldo.pagesperso-orange.fr/indexSkyTripLogger.html,"2.0, 2 Ratings"
"","","","","","","",""
"","","","","","","",""
abillionveg - Find Vegan Stuff,https://is1-ssl.mzstatic.com/image/thumb/Purple124/v4/5a/a4/f0/5aa4f08c-ebee-bc7e-6280-832b939e6476/AppIcon-0-0-1x_U007emarketing-0-0-0-5-0-0-sRGB-0-0-0-GLES2_U002c0-512MB-85-220-0-0.jpeg/246x0w.jpg,https://is2-ssl.mzstatic.com/image/thumb/Purple113/v4/87/32/68/87326853-6d9d-3ee9-62d1-bfb241dd6935/pr_source.jpg/300x0w.jpg,https://is1-ssl.mzstatic.com/image/thumb/Purple123/v4/82/93/e5/8293e541-40db-5623-6f69-26dc44043072/pr_source.jpg/300x0w.jpg,https://is1-ssl.mzstatic.com/image/thumb/Purple123/v4/0b/bb/bb/0bbbbb62-7733-35c9-3c56-801d30381537/pr_source.jpg/300x0w.jpg,"© abillionveg, Inc.",https://www.abillionveg.com/,"4.6, 373 Ratings"
Iberostar Hotels &amp; Resort,https://is2-ssl.mzstatic.com/image/thumb/Purple114/v4/ee/09/a3/ee09a32e-a65c-4a12-0925-432ae795c876/AppIconMarket-0-0-1x_U007emarketing-0-0-0-10-0-0-sRGB-0-0-0-GLES2_U002c0-512MB-85-220-0-0.jpeg/246x0w.jpg,https://is5-ssl.mzstatic.com/image/thumb/Purple123/v4/c8/50/97/c85097ee-0fdf-586e-3618-172e1b898021/pr_source.png/300x0w.png,https://is3-ssl.mzstatic.com/image/thumb/Purple123/v4/bc/d0/19/bcd0195f-cf87-6069-af5c-eb49d0695c68/pr_source.png/300x0w.png,https://is4-ssl.mzstatic.com/image/thumb/Purple113/v4/47/76/ed/4776ed14-919f-4952-375d-f11313a90ecb/pr_source.png/300x0w.png,© 2014 Iberostar Hoteles y Apartamentos S.L.,http://www.iberostar.com/en,"2.5, 90 Ratings"
"","","","","","","",""
My Travel Health,https://is5-ssl.mzstatic.com/image/thumb/Purple71/v4/9b/8c/34/9b8c34c6-d7da-f491-69ca-6b3221823631/mzl.ckdciyjg.png/246x0w.png,https://is5-ssl.mzstatic.com/image/thumb/Purple71/v4/5d/d4/15/5dd41562-d076-4c6d-c8ac-87c38c00ef48/mzl.fnkyizfi.png/300x0w.png,https://is4-ssl.mzstatic.com/image/thumb/Purple71/v4/7b/1b/ab/7b1babe5-2538-5e4f-d12f-2c1ecc367f0f/mzl.ocwogzjk.png/300x0w.png,https://is1-ssl.mzstatic.com/image/thumb/Purple71/v4/09/a6/2c/09a62c4a-e742-6e38-ff47-ef4aebc800ab/mzl.mwshuvbo.png/300x0w.png,© 2016 Travel Health & Wellness LLC,http://mytravelhealthapp.com,"5.0, 4 Ratings"
Excellent,https://is5-ssl.mzstatic.com/image/thumb/Purple113/v4/4d/21/39/4d21390d-1759-9dfc-f876-a746e2904557/ExcellentAppIcon-0-1x_U007emarketing-0-7-0-0-85-220.png/246x0w.png,https://is3-ssl.mzstatic.com/image/thumb/Purple123/v4/db/54/3f/db543f7c-4dd4-dd28-bd5f-27f409a0fe95/pr_source.png/300x0w.png,https://is5-ssl.mzstatic.com/image/thumb/Purple113/v4/fa/11/72/fa117298-c022-6e94-9b73-ab950d668bc1/pr_source.png/300x0w.png,https://is2-ssl.mzstatic.com/image/thumb/Purple123/v4/a8/f5/00/a8f500e3-78a5-ffc7-f3c5-7fe0f738acf2/pr_source.png/300x0w.png,© Limosys Software LLC,http://www.facebook.com/ExcellentTaxi,"4.7, 886 Ratings"
Kathmandu Map &amp; Walks (F),https://is4-ssl.mzstatic.com/image/thumb/Purple123/v4/cc/4e/60/cc4e6048-714a-f1d8-a1b1-b637217b5bf3/IconFull-0-1x_U007emarketing-0-0-GLES2_U002c0-512MB-sRGB-0-0-0-85-220-0-0-0-7.png/246x0w.png,https://is3-ssl.mzstatic.com/image/thumb/Purple113/v4/c7/1f/63/c71f63c8-4397-64f8-4e96-d199174ac6f0/pr_source.jpg/300x0w.jpg,https://is1-ssl.mzstatic.com/image/thumb/Purple123/v4/96/63/cc/9663cc61-70ec-6bbd-b634-b214de49a7de/pr_source.jpg/300x0w.jpg,https://is1-ssl.mzstatic.com/image/thumb/Purple113/v4/2b/27/7d/2b277d59-55a1-c7c9-b6dc-007c556d28f8/pr_source.jpg/300x0w.jpg,"© 2010 GPSmyCity.com, Inc.",http://www.gpsmycity.com,""
Freightliner Chassis 24/7,https://is3-ssl.mzstatic.com/image/thumb/Purple128/v4/aa/b6/e3/aab6e3d5-f6d7-1fc3-bf97-467b1a3b31c0/AppIcon-0-1x_U007emarketing-0-0-GLES2_U002c0-512MB-sRGB-0-0-0-85-220-0-0-0-10.png/246x0w.png,https://is2-ssl.mzstatic.com/image/thumb/Purple128/v4/c4/62/67/c4626728-90b1-372a-bfc6-f130e263a50c/pr_source.png/300x0w.png,https://is1-ssl.mzstatic.com/image/thumb/Purple62/v4/b4/53/ff/b453ffed-3dd2-98ea-4c2b-5555ca5491a6/pr_source.png/300x0w.png,https://is2-ssl.mzstatic.com/image/thumb/Purple128/v4/75/2e/c8/752ec89e-249f-d5a9-f80e-ee075b49147d/pr_source.png/300x0w.png,© 2014-2018 Daimler Trucks North America LLC. All Rights Reserved. Freightliner Custom Chassis Corporation is a subsidiary of Daimler Trucks North America LLC. a Daimler company.,http://appsupport.fai2.com/fccc,"3.4, 7 Ratings"
TAXIMKE,https://is5-ssl.mzstatic.com/image/thumb/Purple123/v4/ab/f1/93/abf193b4-8042-1116-3d59-cd6a72b14371/AppIcon-0-1x_U007emarketing-85-220-4.png/246x0w.png,https://is1-ssl.mzstatic.com/image/thumb/Purple114/v4/67/cc/ad/67ccad24-d8e7-3dfb-2ca5-6c8dce6eb871/mzl.xoaeryco.jpg/300x0w.jpg,https://is4-ssl.mzstatic.com/image/thumb/Purple114/v4/27/a4/6a/27a46a94-7394-8a6c-dbbe-9d21876ebeb5/mzl.cjuteadg.jpg/300x0w.jpg,https://is4-ssl.mzstatic.com/image/thumb/Purple124/v4/b1/eb/57/b1eb5705-5cc7-3aa6-a5e9-9dc7f6903809/mzl.dzdmypwz.jpg/300x0w.jpg,© 2014 American United Taxi,http://taximke.com,"4.0, 40 Ratings"
flyadeal,https://is2-ssl.mzstatic.com/image/thumb/Purple123/v4/02/08/4f/02084f03-9e4f-8679-8418-3cebae65eda0/AppIcons1-0-0-1x_U007emarketing-0-0-0-7-85-220.png/246x0w.png,https://is1-ssl.mzstatic.com/image/thumb/Purple113/v4/7f/37/51/7f3751b9-dac3-2515-4142-e02aa5364a89/pr_source.png/300x0w.png,https://is2-ssl.mzstatic.com/image/thumb/Purple113/v4/a0/c1/96/a0c1963f-89b0-269a-7360-fc81d6301737/pr_source.png/300x0w.png,https://is4-ssl.mzstatic.com/image/thumb/Purple113/v4/c0/a6/aa/c0a6aa72-efb8-8132-76cb-3f34d9209697/pr_source.png/300x0w.png,© 2020 flyadeal,https://www.flyadeal.com/,"2.5, 78 Ratings"
"","","","","","","",""
CalConvert: Currency Converter,https://is2-ssl.mzstatic.com/image/thumb/Purple123/v4/19/4b/8e/194b8e54-a631-ed72-486d-273b8390c1f3/AppIcon-0-1x_U007emarketing-0-0-sRGB-85-220-0-7.png/246x0w.png,https://is3-ssl.mzstatic.com/image/thumb/Purple113/v4/f5/39/63/f5396390-f226-c3bb-9235-3aeee770eae5/pr_source.png/300x0w.png,https://is4-ssl.mzstatic.com/image/thumb/Purple123/v4/4e/8a/e4/4e8ae439-5d95-756e-8a0b-bb7659bf8c68/pr_source.png/300x0w.png,https://is5-ssl.mzstatic.com/image/thumb/Purple123/v4/f3/38/87/f3388714-87b9-289d-db09-5a5f55d845eb/pr_source.png/300x0w.png,© 2019 Maple Media LLC,http://www.maplemedia.io/,"4.6, 5.1K Ratings"
"","","","","","","",""
South Seas Island Resort,https://is2-ssl.mzstatic.com/image/thumb/Purple128/v4/ae/60/47/ae604798-753c-755b-e5b8-84b798bef7f8/pr_source.png/246x0w.png,https://is5-ssl.mzstatic.com/image/thumb/Purple128/v4/88/e7/49/88e74967-346c-1068-8b7c-0f9368e83527/pr_source.png/300x0w.png,https://is4-ssl.mzstatic.com/image/thumb/Purple118/v4/ea/09/8e/ea098ef5-2a90-9e9e-117f-c18a7f76555c/pr_source.png/300x0w.png,https://is2-ssl.mzstatic.com/image/thumb/Purple118/v4/01/a2/20/01a22064-23dd-fcc1-6095-83463665d04b/pr_source.png/300x0w.png,© South Seas Island Resort,http://www.southseas.com,"3.1, 30 Ratings"
MyVetLINK,https://is1-ssl.mzstatic.com/image/thumb/Purple118/v4/84/62/ea/8462ea3f-3261-5bbc-00d6-370c5d7109b6/AppIcon-1x_U007emarketing-0-85-220-0-9.png/246x0w.png,https://is4-ssl.mzstatic.com/image/thumb/Purple128/v4/c9/6f/39/c96f39b3-3a15-3036-4453-f977ea113669/pr_source.png/300x0w.png,https://is3-ssl.mzstatic.com/image/thumb/Purple118/v4/44/db/eb/44dbebf9-4616-a669-e735-f68a38fe7ea8/pr_source.png/300x0w.png,https://is5-ssl.mzstatic.com/image/thumb/Purple128/v4/29/8c/da/298cda64-18df-6bfa-3e2f-cb0d4c5b8c0f/pr_source.png/300x0w.png,"© 2018 GlobalVetLINK, LLC",https://www.globalvetlink.com/products/myvetlink/,"3.0, 4 Ratings"
Four Seasons,https://is5-ssl.mzstatic.com/image/thumb/Purple124/v4/3e/6e/13/3e6e1366-6dab-12ac-2a34-7767a1f90c09/AppIcon-0-0-1x_U007emarketing-0-0-0-5-0-0-sRGB-0-0-0-GLES2_U002c0-512MB-85-220-0-0.png/246x0w.png,https://is4-ssl.mzstatic.com/image/thumb/Purple123/v4/17/6d/e9/176de99a-0281-fb10-3733-32d1bd11de79/pr_source.png/300x0w.png,https://is1-ssl.mzstatic.com/image/thumb/Purple123/v4/f3/3a/3d/f33a3d37-f319-5d50-bca6-42045291c34b/pr_source.png/300x0w.png,https://is4-ssl.mzstatic.com/image/thumb/Purple113/v4/93/6b/dd/936bddd2-b874-e543-db9a-9ba2d3d12640/pr_source.png/300x0w.png,© 2018 Four Seasons Hotels Limited,http://m.fourseasons.com/content/fourseasons/en/contact_us/,"3.5, 79 Ratings"
"","","","","","","",""
Casino AZ/Talking Stick Resort,https://is1-ssl.mzstatic.com/image/thumb/Purple123/v4/ee/cb/e8/eecbe8a4-37ab-fda3-42de-03e209af28c2/AppIcon-0-1x_U007emarketing-0-85-220-7.png/246x0w.png,https://is1-ssl.mzstatic.com/image/thumb/Purple114/v4/e0/a3/1e/e0a31e4c-24e8-f3bc-6438-224abf4012aa/pr_source.png/300x0w.png,https://is4-ssl.mzstatic.com/image/thumb/Purple124/v4/f3/f1/05/f3f105c1-726a-ffe2-1702-3a2f92ce9ab3/pr_source.png/300x0w.png,https://is4-ssl.mzstatic.com/image/thumb/Purple114/v4/79/cd/c2/79cdc230-6df5-a40e-b8a0-e032c67bf785/pr_source.png/300x0w.png,© Casino Arizona/Talking Stick Resort,http://www.casinoarizona.com/,"3.5, 29 Ratings"
Barcelona : Offline Map,https://is2-ssl.mzstatic.com/image/thumb/Purple7/v4/f9/ee/85/f9ee85f4-0bf6-8c90-ff35-c5ff730b148d/pr_source.png/246x0w.png,https://is2-ssl.mzstatic.com/image/thumb/Purple7/v4/86/d6/03/86d603f1-c2c2-7a13-6406-c30005565f28/372c4b780020d5ccf641fe20f614b68e.png/300x0w.png,https://is3-ssl.mzstatic.com/image/thumb/Purple5/v4/af/a7/54/afa754e9-b162-7bc9-35da-3b9247489e22/573d6fc7a5d9e17e2d553c953d423be0.png/300x0w.png,https://is5-ssl.mzstatic.com/image/thumb/Purple5/v4/70/e7/04/70e70404-7243-72cf-ece1-933f7c014e4a/bccdab6e97c83f976b9219472739e33c.png/300x0w.png,© Chaviro Software,http://www.chaviro.com/cities/en/index.html,""
ECHO Smart Control,https://is5-ssl.mzstatic.com/image/thumb/Purple113/v4/f7/3b/a7/f73ba777-a483-600f-329b-bf44552049c9/AppIcon-0-0-1x_U007emarketing-0-0-0-6-0-0-85-220.png/246x0w.png,https://is1-ssl.mzstatic.com/image/thumb/Purple113/v4/ae/a7/55/aea75566-4492-0fe4-6e22-429fee3259a1/pr_source.png/300x0w.png,https://is2-ssl.mzstatic.com/image/thumb/Purple113/v4/eb/0f/20/eb0f201d-9eea-8160-eb90-6e042a8e3091/pr_source.png/300x0w.png,https://is3-ssl.mzstatic.com/image/thumb/Purple113/v4/b8/a8/df/b8a8dfd8-23b8-356b-7a64-74ed91b16557/pr_source.png/300x0w.png,"© Curt Manufacturing, LLC.",https://www.curtmfg.com/contact,"3.2, 18 Ratings"
GasBuddy: Find &amp; Pay for Gas,https://is4-ssl.mzstatic.com/image/thumb/Purple114/v4/ee/24/c7/ee24c767-66f8-3eb7-58f3-6b0c68a1bd13/Release-0-0-1x_U007emarketing-0-0-0-10-0-0-sRGB-0-0-0-GLES2_U002c0-512MB-85-220-0-0.png/246x0w.png,https://is4-ssl.mzstatic.com/image/thumb/PurpleSource124/v4/95/7f/58/957f58c9-90c1-2da0-d8be-ce1ddeb40551/35e03a76-f722-4fcc-adc1-c83a300ba4b8_1FuelBetter.png/300x0w.png,https://is4-ssl.mzstatic.com/image/thumb/PurpleSource124/v4/79/2e/9b/792e9bf1-5f64-7ea6-7646-e8251dc54ded/6f868bd8-6e54-493e-a7df-173adebd83af_2PwGB.png/300x0w.png,https://is1-ssl.mzstatic.com/image/thumb/PurpleSource114/v4/11/02/f5/1102f521-7d84-4ff0-bcc5-97b53169af58/a4f6014f-aaec-4ee1-a2b7-402f7fb1619c_3DealAlerts.png/300x0w.png,© GasBuddy Organization Inc,http://www.gasbuddy.com/GasBuddyMobileApps.aspx,"4.7, 367.8K Ratings"
"","","","","","","",""
"","","","","","","",""
Couchsurfing Travel App,https://is3-ssl.mzstatic.com/image/thumb/Purple123/v4/83/d8/27/83d82759-d348-97e4-4f2d-c321ea4ba44e/AppIcon-0-0-1x_U007emarketing-0-0-0-7-0-0-sRGB-0-0-0-GLES2_U002c0-512MB-85-220-0-0.png/246x0w.png,https://is4-ssl.mzstatic.com/image/thumb/Purple113/v4/c0/a0/d5/c0a0d596-4f15-aa75-e668-869c67ae991f/mzl.fghmwnzk.jpg/300x0w.jpg,https://is3-ssl.mzstatic.com/image/thumb/Purple123/v4/ce/71/fa/ce71faf9-008c-b2ab-e67d-38424cbc3079/mzl.bafmuqdw.jpg/300x0w.jpg,https://is2-ssl.mzstatic.com/image/thumb/Purple123/v4/45/14/b3/4514b3a7-b709-cf20-e14a-c5dd0facf764/mzl.cocpzeuh.jpg/300x0w.jpg,"© 1999-2017 CouchSurfing International, Inc.",http://www.couchsurfing.com,"4.7, 6.3K Ratings"
Alitalia,https://is5-ssl.mzstatic.com/image/thumb/Purple124/v4/44/39/88/443988e2-4c28-aeec-627e-a2d5cde669f5/AppIcon-1x_U007emarketing-0-10-0-0-85-220.png/246x0w.png,https://is3-ssl.mzstatic.com/image/thumb/Purple113/v4/5e/23/23/5e232307-f7dc-8e3e-42aa-8f812f9ec421/mzl.klvdeuvo.png/300x0w.png,https://is5-ssl.mzstatic.com/image/thumb/Purple123/v4/86/cf/5e/86cf5eef-82f2-9937-1b22-7f810e6cd9c8/mzl.ubvlotta.png/300x0w.png,https://is3-ssl.mzstatic.com/image/thumb/Purple113/v4/3f/0e/19/3f0e191d-40bb-da8e-16d6-84c64f9c5274/mzl.mfvhywjm.png/300x0w.png,© Alitalia - Società Aerea Italiana S.p.A.,https://www.alitalia.com,"3.5, 124 Ratings"
"","","","","","","",""
"","","","","","","",""
Social Bicycles,https://is3-ssl.mzstatic.com/image/thumb/Purple114/v4/74/9c/57/749c5762-509e-6de1-5331-78f221ef70a2/AppIcon-0-0-1x_U007emarketing-0-0-0-7-0-0-sRGB-0-0-0-GLES2_U002c0-512MB-85-220-0-0.png/246x0w.png,https://is5-ssl.mzstatic.com/image/thumb/Purple113/v4/bd/fe/98/bdfe984c-2f09-3c67-d4d7-8f5ad0e8438f/pr_source.jpg/300x0w.jpg,https://is1-ssl.mzstatic.com/image/thumb/Purple123/v4/2d/6e/c2/2d6ec212-b563-5220-e8e6-3b38d4b94174/pr_source.jpg/300x0w.jpg,https://is2-ssl.mzstatic.com/image/thumb/Purple113/v4/97/b3/94/97b39410-7d9b-cad6-a498-28a0653c5123/pr_source.jpg/300x0w.jpg,© MobilityCloud Inc,http://socialbicycles.com,"4.5, 5.7K Ratings"
Paris Map &amp; Walks (F),https://is3-ssl.mzstatic.com/image/thumb/Purple113/v4/07/67/7f/07677f26-360f-c9e5-10b5-b4e42412e495/IconFull-0-1x_U007emarketing-0-0-GLES2_U002c0-512MB-sRGB-0-0-0-85-220-0-0-0-7.png/246x0w.png,https://is5-ssl.mzstatic.com/image/thumb/Purple113/v4/20/12/bf/2012bfa5-0123-67d3-ddb0-565a940683d2/pr_source.jpg/300x0w.jpg,https://is5-ssl.mzstatic.com/image/thumb/Purple123/v4/4e/65/57/4e65579c-de7f-7d09-099f-9cd215c24783/pr_source.jpg/300x0w.jpg,https://is3-ssl.mzstatic.com/image/thumb/Purple123/v4/0b/da/3c/0bda3cd0-2bc0-c512-4834-9d01fd45f87b/pr_source.jpg/300x0w.jpg,"© 2010 GPSmyCity.com, Inc.",http://www.gpsmycity.com,"3.0, 1 Rating"
"","","","","","","",""
"","","","","","","",""
My DVC Points,https://is5-ssl.mzstatic.com/image/thumb/Purple123/v4/53/20/c1/5320c13c-15f0-da0a-1f2f-b177fbf27f8e/AppIcon-0-0-1x_U007emarketing-0-0-0-7-0-0-sRGB-85-220.png/246x0w.png,https://is2-ssl.mzstatic.com/image/thumb/Purple113/v4/2a/79/5c/2a795ceb-265b-e736-309c-cde4b5679b7b/pr_source.png/300x0w.png,https://is4-ssl.mzstatic.com/image/thumb/Purple123/v4/24/d9/b3/24d9b3ee-32c1-a60f-7e3d-49208d693481/pr_source.png/300x0w.png,https://is2-ssl.mzstatic.com/image/thumb/Purple113/v4/4a/a9/50/4aa9504a-076e-9eb9-b127-e0cc1795ee3a/pr_source.png/300x0w.png,© 2020 CodeBlue Data Solutions,https://mydvcpoints.com/app/,"5.0, 23 Ratings"
Airline Finder,https://is1-ssl.mzstatic.com/image/thumb/Purple118/v4/3c/41/aa/3c41aa1b-d18d-c4a9-9974-e767f2d701da/AppIcon-0-1x_U007emarketing-0-0-GLES2_U002c0-512MB-sRGB-0-0-0-85-220-0-0-0-7.png/246x0w.png,https://is5-ssl.mzstatic.com/image/thumb/Purple118/v4/fd/61/8c/fd618cf7-a858-a25c-b34b-98888312de98/pr_source.png/300x0w.png,https://is5-ssl.mzstatic.com/image/thumb/Purple118/v4/1e/40/05/1e40057f-7bcc-3697-0e3d-1255dcc16e2c/pr_source.png/300x0w.png,https://is3-ssl.mzstatic.com/image/thumb/Purple128/v4/ea/31/e1/ea31e153-d098-071c-a163-422e59f9969e/pr_source.png/643x0w.png,© pinkfroot limited 2011-2018,https://www.pinkfroot.com,"3.3, 15 Ratings"
Speak Chinese Travel Phrases,https://is2-ssl.mzstatic.com/image/thumb/Purple114/v4/ee/16/6f/ee166fb0-b5df-7310-04d0-e340c91f5314/AppIcon-0-1x_U007emarketing-0-85-220-7.png/246x0w.png,https://is2-ssl.mzstatic.com/image/thumb/Purple114/v4/be/87/95/be87954c-d30a-ef4b-217d-38e40a71ad78/pr_source.png/300x0w.png,https://is1-ssl.mzstatic.com/image/thumb/Purple124/v4/56/ca/ae/56caae80-46f2-8d24-5c6a-0bd3c0fc21d8/pr_source.png/300x0w.png,https://is2-ssl.mzstatic.com/image/thumb/Purple114/v4/39/95/39/39953923-e91c-599f-4ecd-83171bd9d080/pr_source.png/300x0w.png,© 2011 Ryan Zander,http://nagarajarivers.com,"5.0, 1 Rating"
"","","","","","","",""
"","","","","","","",""
Lisbon Subway Guide and Route Planner,https://is5-ssl.mzstatic.com/image/thumb/Purple82/v4/8c/44/03/8c44034a-22c6-c7d3-00fe-567d2f0550e2/mzl.uiigjcpn.png/246x0w.png,https://is5-ssl.mzstatic.com/image/thumb/Purple71/v4/ee/b8/26/eeb82611-4d19-8a84-1136-52ddc91e830a/mzl.alfdcyyy.png/300x0w.png,https://is1-ssl.mzstatic.com/image/thumb/Purple71/v4/01/d0/7d/01d07de6-d068-b920-4edf-19d78279a41a/mzl.pgyvdqdf.png/300x0w.png,https://is3-ssl.mzstatic.com/image/thumb/Purple62/v4/08/db/d6/08dbd6cc-4ecf-db02-d446-45b3ebbc7ca8/mzl.ycdupocl.png/300x0w.png,© 2017 Discover Ukraine LLC,https://metroguides.info/support,""
"","","","","","","",""
QP QuickPay - Mobile Parking Payments,https://is1-ssl.mzstatic.com/image/thumb/Purple62/v4/e0/94/cd/e094cd89-3b75-7c90-6f84-b03fca09d769/mzl.qoquhbxv.png/246x0w.png,https://is1-ssl.mzstatic.com/image/thumb/Purple71/v4/4d/fc/d1/4dfcd1e8-658d-8df1-054c-aba7ac0098eb/pr_source.png/300x0w.png,/assets/images/supports/supports-FamilySharing@2x-f58f31bc78fe9fe7be3565abccbecb34.png,https://is5-ssl.mzstatic.com/image/thumb/Purple118/v4/13/dc/3a/13dc3a35-a001-7931-9048-10016b5008d4/ABMAppIcon-1x_U007emarketing-0-0-GLES2_U002c0-512MB-sRGB-0-0-0-85-220-0-0-0-9.jpeg/320x0w.jpg,© 2013 QuickPay Corp.,http://qpme.com,"1.1, 35 Ratings"
Tornado Bus Company,https://is4-ssl.mzstatic.com/image/thumb/Purple128/v4/27/30/e5/2730e53d-23e9-a82e-3156-8d82083ec78a/AppIcon-1x_U007emarketing-85-220-0-9.png/246x0w.png,https://is5-ssl.mzstatic.com/image/thumb/Purple118/v4/ec/2d/19/ec2d1928-0ee3-bb36-65ae-0df594b643cc/pr_source.png/300x0w.png,https://is4-ssl.mzstatic.com/image/thumb/Purple128/v4/be/c8/25/bec82524-142d-aa68-3d36-4019598d2b92/pr_source.png/300x0w.png,https://is4-ssl.mzstatic.com/image/thumb/Purple118/v4/5c/5b/22/5c5b2263-c916-7a1b-9c39-ff2027dcc810/pr_source.png/300x0w.png,© 2015 Tornado Bus Company,http://www.tornadobus.com,"3.1, 9 Ratings"
"","","","","","","",""
"","","","","","","",""
"","","","","","","",""
"","","","","","","",""
Alcatraz Cruises,https://is3-ssl.mzstatic.com/image/thumb/Purple113/v4/99/47/2d/99472d96-2c8d-4427-1cd9-84d4269b9400/AppIcon-0-0-1x_U007emarketing-0-0-0-5-0-0-sRGB-0-0-0-GLES2_U002c0-512MB-85-220-0-0.png/246x0w.png,https://is2-ssl.mzstatic.com/image/thumb/Purple123/v4/4b/1b/92/4b1b92f8-a191-24a8-2ee9-f9683d2e7159/pr_source.png/300x0w.png,https://is2-ssl.mzstatic.com/image/thumb/Purple113/v4/81/7b/bb/817bbbcc-8382-76a8-f840-afcec7c20036/pr_source.png/300x0w.png,https://is2-ssl.mzstatic.com/image/thumb/Purple123/v4/9c/25/4f/9c254fa5-454e-c7c5-4f6a-b1afcb8ec7ba/pr_source.jpg/300x0w.jpg,© Hornblower Cruises & Events,https://www.alcatrazcruises.com/press-media/,"5.0, 5 Ratings"
Tunisian Traveller&apos;s Phrases,https://is1-ssl.mzstatic.com/image/thumb/Purple128/v4/0a/fe/32/0afe3238-b05e-b9ff-8a9c-1a4d1bf3b999/mzl.omsaerag.jpg/246x0w.jpg,https://is4-ssl.mzstatic.com/image/thumb/Purple118/v4/69/8d/ca/698dca75-565d-774b-bece-238e2eaca3da/pr_source.png/300x0w.png,/assets/images/supports/supports-FamilySharing@2x-f58f31bc78fe9fe7be3565abccbecb34.png,https://is2-ssl.mzstatic.com/image/thumb/Purple118/v4/eb/ba/37/ebba37bf-0811-f2a3-ad8c-403bf360536e/mzl.cjyyxqcv.jpg/320x0w.jpg,© 2015 Hills Media,http://www.hills-media.com,"1.8, 4 Ratings"
Wisconsin Lakes &amp; Fishes,https://is5-ssl.mzstatic.com/image/thumb/Purple115/v4/aa/7a/ca/aa7acad7-a3e5-d29b-5ec8-4eb52ed877b5/AppIcon-1x_U007emarketing-85-220-0-6.png/246x0w.png,https://is4-ssl.mzstatic.com/image/thumb/Purple125/v4/d7/78/ab/d778abcd-5a1a-498d-59c2-c3e6bdc812b4/pr_source.png/300x0w.png,https://is5-ssl.mzstatic.com/image/thumb/Purple125/v4/82/df/e4/82dfe405-f74e-c7e1-f6d2-6a0b5139aeed/pr_source.png/300x0w.png,https://is4-ssl.mzstatic.com/image/thumb/Purple125/v4/9a/16/e3/9a16e3e9-f206-35f8-6bc2-780ff636ab70/pr_source.png/300x0w.png,© SG 2019,http://shinecgeorge.wixsite.com/shine,""
"","","","","","","",""
"","","","","","","",""
"","","","","","","",""
"","","","","","","",""
Disneyland Adventures by Disco,https://is4-ssl.mzstatic.com/image/thumb/Purple118/v4/f9/41/00/f94100c0-fd27-4410-98da-c53128e8680e/AppIcon-1x_U007emarketing-0-0-GLES2_U002c0-512MB-sRGB-0-0-0-85-220-0-0-0-4.jpeg/246x0w.jpg,https://is2-ssl.mzstatic.com/image/thumb/Purple118/v4/5d/bc/ac/5dbcac83-7c6c-5ff9-38dd-d035dc34b295/pr_source.jpg/300x0w.jpg,https://is4-ssl.mzstatic.com/image/thumb/Purple128/v4/d0/94/bb/d094bb48-b8fb-1ec6-dba8-35c942ab10e3/pr_source.jpg/300x0w.jpg,https://is1-ssl.mzstatic.com/image/thumb/Purple118/v4/24/79/c0/2479c0c7-2d93-0127-1880-995b457d3b7c/pr_source.jpg/300x0w.jpg,"© Crown & Lantern, LLC",https://www.facebook.com/Magic-Parks-Guide-471698316571154/,"4.6, 16 Ratings"
"","","","","","","",""
"","","","","","","",""
OneTravel Flight &amp; Hotel Deals,https://is2-ssl.mzstatic.com/image/thumb/Purple124/v4/8f/4b/8f/8f4b8fb1-34b3-2fbe-a3c3-91d051be9160/AppIcon-0-0-1x_U007emarketing-0-0-0-7-0-0-sRGB-0-0-0-GLES2_U002c0-512MB-85-220-0-0.png/246x0w.png,https://is4-ssl.mzstatic.com/image/thumb/Purple123/v4/01/3f/72/013f727a-4492-2cc3-5399-d02b38c79c18/mzl.ijctcpwu.png/300x0w.png,https://is5-ssl.mzstatic.com/image/thumb/Purple123/v4/5b/46/4d/5b464da5-ad95-7316-e680-14af64b12b90/mzl.rikedajc.png/300x0w.png,https://is4-ssl.mzstatic.com/image/thumb/Purple113/v4/bf/39/7c/bf397c6d-1dd7-f06e-7be3-44bd5bbd95e8/mzl.ofkblkkt.png/300x0w.png,© OneTravel,http://www.onetravel.com/mobile,"4.7, 2.8K Ratings"
All airlines - cheap airline tickets &amp; airfare deals,https://is2-ssl.mzstatic.com/image/thumb/Purple7/v4/68/5b/90/685b906a-aeb7-f4c8-9523-b4f18486a5a8/pr_source.png/246x0w.png,https://is3-ssl.mzstatic.com/image/thumb/Purple5/v4/f3/e6/9d/f3e69d72-0a0f-f48b-0ecf-8c243f141814/pr_source.png/300x0w.png,https://is1-ssl.mzstatic.com/image/thumb/Purple7/v4/54/d4/67/54d4675c-4f8e-6f68-63b5-62acada5ab8b/pr_source.png/300x0w.png,https://is5-ssl.mzstatic.com/image/thumb/Purple5/v4/a9/c3/a3/a9c3a310-0b72-1b76-b4b5-99469e20639c/pr_source.png/300x0w.png,© Olga Serebriakova,http://cheapflightsonline.net/,"4.8, 141 Ratings"
"","","","","","","",""
MTD Connect,https://is4-ssl.mzstatic.com/image/thumb/Purple113/v4/56/79/35/5679359a-fb0e-570f-8a16-aab6148a2b0e/AppIcon-0-0-1x_U007emarketing-0-0-0-5-0-0-85-220.png/246x0w.png,https://is5-ssl.mzstatic.com/image/thumb/Purple123/v4/bd/ae/9d/bdae9d44-2a8a-1dc2-4540-b2c70f37844e/pr_source.png/300x0w.png,https://is2-ssl.mzstatic.com/image/thumb/Purple123/v4/aa/66/c9/aa66c997-6e55-5f86-df96-9466b950d32a/pr_source.png/300x0w.png,https://is2-ssl.mzstatic.com/image/thumb/Purple113/v4/86/85/fb/8685fbdc-82fb-598f-7ebd-c43335b2ca96/pr_source.png/300x0w.png,"© Routematch Software, Inc.",https://www.routematch.com,"2.6, 7 Ratings"
"","","","","","","",""
Curb - The Taxi App,https://is3-ssl.mzstatic.com/image/thumb/Purple114/v4/5c/3e/71/5c3e719b-7b49-7cca-010e-35cb24d4fe55/AppIcon-1x_U007emarketing-0-5-0-0-85-220.png/246x0w.png,https://is5-ssl.mzstatic.com/image/thumb/Purple123/v4/a6/1e/d4/a61ed461-f6f9-9b95-9887-af2153bdc74a/pr_source.png/300x0w.png,https://is5-ssl.mzstatic.com/image/thumb/Purple113/v4/5e/90/a1/5e90a199-0b7a-706d-1d3c-ba6a6dac47fa/pr_source.png/300x0w.png,https://is3-ssl.mzstatic.com/image/thumb/Purple113/v4/b8/d3/88/b8d3881b-bae4-ce13-ad46-52b70f642723/pr_source.png/300x0w.png,"© 2020 Curb Mobility, LLC",https://mobileapp.gocurb.com/,"4.8, 30K Ratings"
Italian by Nemo,https://is1-ssl.mzstatic.com/image/thumb/Purple118/v4/72/79/19/7279199c-2781-7c92-6f53-da5d69b6be87/AppIcon-0-1x_U007emarketing-0-0-85-220-0-7.png/246x0w.png,https://is1-ssl.mzstatic.com/image/thumb/Purple118/v4/f1/61/0a/f1610aaa-0ef1-a627-a4d3-3412bd13c395/contsched.tqzxzxpz.png/300x0w.png,https://is2-ssl.mzstatic.com/image/thumb/Purple118/v4/cf/57/f8/cf57f822-769d-407f-c3fe-d60cde8d140b/contsched.ajfvuldv.png/300x0w.png,https://is1-ssl.mzstatic.com/image/thumb/Purple128/v4/5a/1e/6b/5a1e6bb1-633d-6e6c-b5a4-b202d4a4b4fe/contsched.xcyheufz.png/300x0w.png,© 2018 Nemo Apps LLC,http://www.nemoapps.com/phrasebooks/italian,"4.8, 8.9K Ratings"
"","","","","","","",""
"","","","","","","",""
Anglotopia,https://is3-ssl.mzstatic.com/image/thumb/Purple118/v4/0c/f5/90/0cf590e3-a657-da4d-05fc-247e39a312b8/AppIcon-1x_U007emarketing-0-0-GLES2_U002c0-512MB-sRGB-0-0-0-85-220-0-0-0-5.png/246x0w.png,https://is5-ssl.mzstatic.com/image/thumb/Purple128/v4/05/06/0d/05060d28-07f0-52b2-a4a1-6308762d4723/mzl.apwdoiek.png/300x0w.png,https://is1-ssl.mzstatic.com/image/thumb/Purple62/v4/0b/3d/31/0b3d31b9-1331-bbc0-c897-c8550f67a65c/mzl.irfzwpub.png/300x0w.png,https://is3-ssl.mzstatic.com/image/thumb/Purple128/v4/74/77/0e/74770eeb-64d7-292f-215c-5163c7aabb2d/mzl.bwhgosit.png/300x0w.png,© Anglotopia LLC,http://anglotopia.net,"4.8, 4 Ratings"
"","","","","","","",""
Inquire &#x2014; Wikipedia Around You,https://is4-ssl.mzstatic.com/image/thumb/Purple114/v4/48/3f/b3/483fb39e-898a-4ead-1e91-1985daf416c5/AppIcon-0-0-1x_U007emarketing-0-0-0-4-0-0-sRGB-0-0-0-GLES2_U002c0-512MB-85-220-0-0.png/246x0w.png,https://is3-ssl.mzstatic.com/image/thumb/Purple113/v4/66/07/8c/66078c17-f583-2f2d-8af2-0e6f64e9afba/pr_source.png/300x0w.png,https://is2-ssl.mzstatic.com/image/thumb/Purple113/v4/14/d4/bc/14d4bcf9-d80f-6646-9162-c5ad430e4587/pr_source.png/300x0w.png,https://is3-ssl.mzstatic.com/image/thumb/Purple113/v4/d1/9d/c2/d19dc207-95b6-9f5d-b281-134248f5b0ab/pr_source.png/300x0w.png,© Tamper LLC,https://tamper.io/inquire/,"5.0, 10 Ratings"
PikeRide Electric Bike Share,https://is2-ssl.mzstatic.com/image/thumb/Purple114/v4/16/d1/91/16d191da-d1ff-d6f6-e0b6-89e6d14ae2cb/AppIcon-0-0-1x_U007emarketing-0-0-0-7-0-0-sRGB-0-0-0-GLES2_U002c0-512MB-85-220-0-0.png/246x0w.png,https://is3-ssl.mzstatic.com/image/thumb/Purple123/v4/46/46/63/46466311-48c7-a1e7-2e23-c9dbd031d152/pr_source.png/300x0w.png,https://is4-ssl.mzstatic.com/image/thumb/Purple123/v4/2d/05/68/2d0568b0-8408-cb46-fb4d-4890637614b8/pr_source.png/300x0w.png,/assets/images/supports/supports-Wallet@2x-daec7ef3fb160308d05ddd69a2b1dece.png,© 2020 Drop Mobility,https://pikeride.org,"3.7, 3 Ratings"
"","","","","","","",""
Pennsylvania State Parks - USA,https://is2-ssl.mzstatic.com/image/thumb/Purple123/v4/78/1b/0b/781b0b98-2f84-05bd-7aeb-4d244d93d470/AppIcon-0-1x_U007emarketing-0-85-220-6.png/246x0w.png,https://is3-ssl.mzstatic.com/image/thumb/Purple113/v4/6f/5e/46/6f5e46c8-d679-4bc9-d782-ea15baa800cc/pr_source.png/300x0w.png,https://is1-ssl.mzstatic.com/image/thumb/Purple123/v4/26/9b/d7/269bd7cd-6f2e-0579-787d-0c8af06e106f/pr_source.png/300x0w.png,https://is1-ssl.mzstatic.com/image/thumb/Purple123/v4/4a/da/49/4ada49ba-1050-148c-4f56-978ebabf4549/pr_source.png/300x0w.png,© Smart Tour Guides,http://mobichamp.com/,"1.0, 2 Ratings"
"","","","","","","",""
Castel Sant&apos;Angelo - English,https://is4-ssl.mzstatic.com/image/thumb/Purple118/v4/20/c4/b2/20c4b2b2-681a-0e73-cd79-9acc7dcaf12f/AppIcon-0-1x_U007emarketing-0-0-85-220-7.png/246x0w.png,https://is1-ssl.mzstatic.com/image/thumb/Purple69/v4/66/29/f6/6629f6fd-b36e-c35a-d0c2-e7677db33859/pr_source.png/300x0w.png,https://is1-ssl.mzstatic.com/image/thumb/Purple69/v4/33/2b/cc/332bcce3-e1a5-1741-130e-4de310a70eba/pr_source.png/300x0w.png,https://is3-ssl.mzstatic.com/image/thumb/Purple49/v4/e6/2b/20/e62b2052-69b0-9c0b-f4f7-627fab736fa5/pr_source.png/300x0w.png,© AudioGuide®,http://www.audioguide.it,"1.0, 1 Rating"
CurbAppeal - HDR Real Estate Camera for MLS and Airbnb property photos,https://is3-ssl.mzstatic.com/image/thumb/Purple18/v4/e1/dc/6d/e1dc6d8c-e438-4756-4ad9-ea8bdf0e624e/mzl.sctqmpnj.png/246x0w.png,https://is3-ssl.mzstatic.com/image/thumb/Purple49/v4/82/71/58/82715805-6fd5-d4e7-7057-1bf629adac74/pr_source.png/300x0w.png,https://is2-ssl.mzstatic.com/image/thumb/Purple69/v4/3a/92/93/3a9293c8-5758-bdb7-4bfd-e518d6b50f5a/pr_source.png/300x0w.png,https://is5-ssl.mzstatic.com/image/thumb/Purple69/v4/8d/01/f7/8d01f7ae-3fc6-6e4e-4a12-4aadc5ddc7b4/pr_source.png/300x0w.png,"© 2015 East Coast Pixels, Inc.",http://www.curbappeal.pics,"3.0, 79 Ratings"
"","","","","","","",""
Pak Rail Live,https://is1-ssl.mzstatic.com/image/thumb/Purple114/v4/8e/7b/d2/8e7bd21e-f3f2-5ba8-406e-61eac6dce0b2/AppIcon-0-0-1x_U007emarketing-0-0-0-7-0-0-sRGB-0-0-0-GLES2_U002c0-512MB-85-220-0-0.png/246x0w.png,https://is3-ssl.mzstatic.com/image/thumb/Purple114/v4/af/f4/05/aff405cb-2371-8822-a47f-d37be3e537a3/pr_source.png/300x0w.png,https://is3-ssl.mzstatic.com/image/thumb/Purple124/v4/3c/cc/4e/3ccc4ef8-3fff-e301-3b05-9e6162365cf5/pr_source.png/300x0w.png,https://is1-ssl.mzstatic.com/image/thumb/Purple114/v4/5c/fe/6c/5cfe6cab-f778-9089-9090-b1b9095219f4/pr_source.png/300x0w.png,© Pak Rail Live,http://www.pakraillive.com,"4.7, 24 Ratings"
"","","","","","","",""
"","","","","","","",""
"","","","","","","",""
"","","","","","","",""
iFlyZED,https://is3-ssl.mzstatic.com/image/thumb/Purple113/v4/7f/4f/13/7f4f1340-b94f-594f-e373-d49abad07eac/AppIcon-0-0-1x_U007emarketing-0-0-0-5-0-0-sRGB-0-0-0-GLES2_U002c0-512MB-85-220-0-0.png/246x0w.png,https://is2-ssl.mzstatic.com/image/thumb/Purple113/v4/7b/aa/12/7baa1220-85f6-854b-08d5-d28da188eef3/pr_source.png/300x0w.png,https://is4-ssl.mzstatic.com/image/thumb/Purple113/v4/14/42/26/14422633-2954-3b60-0a49-d1258b864c9f/pr_source.png/300x0w.png,https://is3-ssl.mzstatic.com/image/thumb/Purple113/v4/ae/9d/f2/ae9df2c3-0880-5965-583c-fb2aac8e8692/pr_source.png/300x0w.png,© IT International,http://www.itinternational.org/iflyzed.html,""
"","","","","","","",""
"","","","","","","",""
Orangerie Museum Full Edition,https://is3-ssl.mzstatic.com/image/thumb/Purple113/v4/9a/5b/ec/9a5bec24-eb57-d25b-4f0f-511ac66fcd1d/AppIcon-1x_U007emarketing-0-0-GLES2_U002c0-512MB-sRGB-0-0-0-85-220-0-0-0-8.png/246x0w.png,https://is4-ssl.mzstatic.com/image/thumb/Purple113/v4/e2/8c/9f/e28c9f6b-5cf4-ba95-8e7f-639d750ec4e8/pr_source.jpg/300x0w.jpg,https://is2-ssl.mzstatic.com/image/thumb/Purple123/v4/ef/f4/35/eff4351b-84bc-0fb2-1555-510fc61091df/pr_source.jpg/300x0w.jpg,https://is4-ssl.mzstatic.com/image/thumb/Purple113/v4/50/27/ff/5027ffdb-9e5a-cc71-bd06-19619e630ef2/pr_source.jpg/300x0w.jpg,© Vusiem Tour Guides Ltd,https://www.vusiem.com/,""
"","","","","","","",""
CAR:GO - Go Anywhere,https://is5-ssl.mzstatic.com/image/thumb/Purple124/v4/a8/80/f0/a880f0a4-78e2-aeb0-0aa3-394d4e4148a3/AppIcon-0-0-1x_U007emarketing-0-0-0-4-0-0-sRGB-0-0-0-GLES2_U002c0-512MB-85-220-0-0.png/246x0w.png,https://is4-ssl.mzstatic.com/image/thumb/Purple123/v4/19/71/2d/19712db8-a8c4-277d-a518-d3156d105a94/pr_source.png/300x0w.png,https://is1-ssl.mzstatic.com/image/thumb/Purple113/v4/ef/70/7e/ef707e62-e6b5-9b72-7126-777623210196/pr_source.png/300x0w.png,https://is3-ssl.mzstatic.com/image/thumb/Purple123/v4/34/64/2d/34642dc1-4489-e9bd-632d-dea0464d55b1/pr_source.png/300x0w.png,© CarGo Technologies,http://appcargo.com,"4.0, 463 Ratings"
"","","","","","","",""
"","","","","","","",""
"","","","","","","",""
Boston Travel Guide Offline,https://is5-ssl.mzstatic.com/image/thumb/Purple128/v4/53/93/6a/53936a23-b2d1-4903-d6a9-53f9ffbc2f65/pr_source.png/246x0w.png,https://is4-ssl.mzstatic.com/image/thumb/Purple128/v4/39/a3/d5/39a3d591-328f-0e3d-1662-c34d168b9a19/pr_source.png/300x0w.png,https://is2-ssl.mzstatic.com/image/thumb/Purple128/v4/63/59/d5/6359d543-0e35-cbe4-80e1-945599db899b/pr_source.png/300x0w.png,https://is4-ssl.mzstatic.com/image/thumb/Purple118/v4/e2/b9/e5/e2b9e55f-f9e8-ab50-4e94-79b849ecab83/pr_source.png/300x0w.png,© 2017 cityscouter GmbH,http://www.cityscouter.com/mobile/Boston-Travel-Guide-Offline-34_Boston-1.html,"3.0, 2 Ratings"
"","","","","","","",""
"","","","","","","",""
"","","","","","","",""
Drumheller GyPSy Guide,https://is5-ssl.mzstatic.com/image/thumb/Purple113/v4/e1/92/ed/e192ed1d-3099-30b4-0266-23afe55ecc5b/AppIcon-0-1x_U007emarketing-0-0-85-220-0-7.png/246x0w.png,https://is2-ssl.mzstatic.com/image/thumb/Purple123/v4/06/42/eb/0642eb57-8e6b-072b-1f98-e2cab3fb07c3/pr_source.png/300x0w.png,https://is5-ssl.mzstatic.com/image/thumb/Purple123/v4/05/c1/cd/05c1cd3e-5c9a-13ef-be58-86c2aed28f22/pr_source.png/300x0w.png,https://is1-ssl.mzstatic.com/image/thumb/Purple113/v4/ca/43/62/ca436256-38b6-6ea8-fade-8ad502ad8970/pr_source.png/300x0w.png,© 2019 GPS Tour Guide Inc,https://www.gypsyguide.com,"4.8, 5 Ratings"
"","","","","","","",""
"","","","","","","",""
NPS Grand Canyon,https://is4-ssl.mzstatic.com/image/thumb/Purple114/v4/1a/67/12/1a671227-2780-440f-6b13-f842a6e816c4/AppIcon-0-0-1x_U007emarketing-0-0-0-7-0-85-220.png/246x0w.png,https://is3-ssl.mzstatic.com/image/thumb/Purple113/v4/ce/97/b5/ce97b52b-c633-5cbf-82df-c49b90e0e192/pr_source.jpg/300x0w.jpg,https://is2-ssl.mzstatic.com/image/thumb/Purple113/v4/31/bd/2b/31bd2bd9-3ba8-7734-e89e-129cc557ad0e/pr_source.jpg/300x0w.jpg,https://is5-ssl.mzstatic.com/image/thumb/Purple123/v4/97/e0/9c/97e09c88-a55e-5f41-4f34-ab335417ec3f/pr_source.jpg/300x0w.jpg,© United States Government Work,http://nps.gov/grca/index.htm,"3.0, 3 Ratings"
Visited States Map Pro,https://is1-ssl.mzstatic.com/image/thumb/Purple118/v4/66/39/8e/66398e5c-c7ac-aab2-f405-6c584678a773/mzl.xkvunhqb.png/246x0w.png,https://is2-ssl.mzstatic.com/image/thumb/Purple118/v4/f7/d0/a0/f7d0a000-7cc0-ec00-511d-fa1f7d519227/pr_source.png/300x0w.png,https://is3-ssl.mzstatic.com/image/thumb/Purple128/v4/29/e5/4b/29e54b57-a229-9857-1bf3-c3957efe512c/pr_source.png/300x0w.png,https://is5-ssl.mzstatic.com/image/thumb/Purple128/v4/de/4a/69/de4a693b-fb7b-5501-946a-0ca0befaae61/pr_source.png/300x0w.png,© 2013-2017 DawnJoy Inc.,http://www.aboxapp.com,"3.1, 45 Ratings"
"","","","","","","",""
"","","","","","","",""
Balboa Park Official App,https://is3-ssl.mzstatic.com/image/thumb/Purple114/v4/00/ee/3c/00ee3c17-fe77-5195-0e6f-3c9dcffdaa38/AppIcon-0-0-1x_U007emarketing-0-0-0-7-0-0-sRGB-0-0-0-GLES2_U002c0-512MB-85-220-0-0.png/246x0w.png,https://is3-ssl.mzstatic.com/image/thumb/Purple114/v4/63/9d/c7/639dc70a-7a8e-0a31-0031-fc844b44968e/pr_source.png/300x0w.png,https://is1-ssl.mzstatic.com/image/thumb/Purple114/v4/14/a7/8d/14a78d89-1c85-c42f-2e78-52b7dff4bef3/pr_source.png/300x0w.png,https://is2-ssl.mzstatic.com/image/thumb/Purple114/v4/25/df/b3/25dfb3f5-9ee6-8d2b-1849-2d09043a490b/pr_source.png/300x0w.png,© 2020 Tripbucket Inc.,http://www.tripbucket.com/backcap/,"4.6, 149 Ratings"
"","","","","","","",""
Bonaire Island Offline Map,https://is4-ssl.mzstatic.com/image/thumb/Purple113/v4/58/4b/cc/584bcce0-8285-e60d-c990-f834273d5d48/Bonaire-0-1x_U007emarketing-0-0-GLES2_U002c0-512MB-sRGB-0-0-0-85-220-0-0-0-4.jpeg/246x0w.jpg,https://is1-ssl.mzstatic.com/image/thumb/Purple123/v4/42/c4/59/42c4597d-7549-1cac-82d6-5ca50d5c1dae/pr_source.png/300x0w.png,https://is5-ssl.mzstatic.com/image/thumb/Purple113/v4/31/5b/35/315b352e-978b-ef4e-0e99-431df7776637/pr_source.png/300x0w.png,https://is5-ssl.mzstatic.com/image/thumb/Purple113/v4/13/56/19/135619ab-215d-3baa-38e5-22fe27675ef1/pr_source.png/300x0w.png,© 2019 VoyagerItS,http://www.swanittech.com,"2.0, 1 Rating"
"","","","","","","",""
"Hong Kong Offline Map, Metro",https://is4-ssl.mzstatic.com/image/thumb/Purple125/v4/48/01/9b/48019bad-b984-691b-274b-ea94608d5b2e/HKAppIcon-1x_U007emarketing-0-85-220-0-5.jpeg/246x0w.jpg,https://is5-ssl.mzstatic.com/image/thumb/Purple125/v4/45/0b/d7/450bd7b7-72f1-370b-14e4-1f8ca54e5f3a/pr_source.jpg/300x0w.jpg,https://is4-ssl.mzstatic.com/image/thumb/Purple125/v4/92/30/61/923061f7-ced1-956c-d615-7e4541216401/pr_source.jpg/300x0w.jpg,https://is1-ssl.mzstatic.com/image/thumb/Purple125/v4/da/df/0d/dadf0d74-6af3-704b-ae38-bdb3cfab9131/pr_source.jpg/300x0w.jpg,2016 © Green Lake Technology,https://www.facebook.com/greenlaketech/,"4.5, 2 Ratings"
Yellow Cab Arizona,https://is3-ssl.mzstatic.com/image/thumb/Purple124/v4/30/5a/cd/305acdef-fb75-3a30-c179-4986d3c2cd03/AppIcon-0-1x_U007emarketing-0-85-220-5.png/246x0w.png,https://is1-ssl.mzstatic.com/image/thumb/Purple114/v4/18/af/4b/18af4baf-0af9-4128-01fd-185859514240/mzl.xtuvzbcx.jpg/300x0w.jpg,https://is2-ssl.mzstatic.com/image/thumb/Purple124/v4/86/30/64/863064be-97c4-c9df-1719-61aa8a3d0d38/mzl.wbpsybpt.jpg/300x0w.jpg,https://is5-ssl.mzstatic.com/image/thumb/Purple124/v4/e2/3b/b3/e23bb354-5c99-a4e3-4de1-ca4c0f7a5b2d/mzl.uwitekuc.jpg/300x0w.jpg,© Yellow Cab Arizona,http://www.yellowcabaz.com,"2.2, 6 Ratings"
RedteaGO: Best eSIM for Travel,https://is4-ssl.mzstatic.com/image/thumb/Purple124/v4/ca/2a/51/ca2a51a9-b202-5183-09d9-4772733e452b/AppIcon-0-0-1x_U007emarketing-0-0-0-7-0-0-sRGB-0-0-0-GLES2_U002c0-512MB-85-220-0-0.png/246x0w.png,https://is5-ssl.mzstatic.com/image/thumb/PurpleSource124/v4/09/c9/88/09c9888e-97df-90db-e1bb-5ba3285e7d0e/35312a5e-e2b6-4486-9a21-a1aeb483bad1_1242-2688_1@2x.png/300x0w.png,https://is5-ssl.mzstatic.com/image/thumb/PurpleSource124/v4/e0/c4/08/e0c40899-9ca5-1ef1-b99d-452b34acc0b8/fd94ca41-34e7-4582-a3aa-0c6fd1ab82da_1242-2688_2@2x.png/300x0w.png,https://is3-ssl.mzstatic.com/image/thumb/PurpleSource124/v4/eb/56/e2/eb56e214-ec45-1194-b1b9-44d4f503e124/410198b1-10de-410f-a540-fab8c9f55b0e_1242-2688_3@2x.png/300x0w.png,© 2020 REDTEA MOBILE PTE. LTD.,https://www.redteago.com/,"4.7, 129 Ratings"
"","","","","","","",""
"","","","","","","",""
Vuelos economicos y baratos,https://is5-ssl.mzstatic.com/image/thumb/Purple118/v4/51/bc/a6/51bca6a9-fe79-8e24-800c-1ad15ff33987/AppIconHotDeals-1x_U007emarketing-85-220-0-5.png/246x0w.png,https://is4-ssl.mzstatic.com/image/thumb/Purple62/v4/34/14/87/341487a3-a26d-2288-d9e3-3578e9da8a47/mzl.nhgcjgjm.png/300x0w.png,https://is3-ssl.mzstatic.com/image/thumb/Purple62/v4/0c/7a/dc/0c7adcf3-d86b-ec24-811b-a5eeb945f41f/mzl.sdgpfolx.png/300x0w.png,https://is2-ssl.mzstatic.com/image/thumb/Purple71/v4/6b/64/cf/6b64cfc1-1deb-564f-7b1b-53f2f86b2e7e/mzl.xqsvjjyv.png/300x0w.png,© Cheap Flights Ltd.,http://locals.travel,"4.9, 145 Ratings"
Explore Sedona &amp; Northern AZ,https://is2-ssl.mzstatic.com/image/thumb/Purple113/v4/d3/97/40/d3974090-b368-b093-5cca-0309147805ee/AppIcon-0-1x_U007emarketing-0-0-0-0-85-220-0-7.png/246x0w.png,https://is1-ssl.mzstatic.com/image/thumb/Purple113/v4/ac/8f/bb/ac8fbb84-73ea-c4e6-4e9f-5117704373ff/pr_source.png/300x0w.png,https://is3-ssl.mzstatic.com/image/thumb/Purple113/v4/9f/ea/6a/9fea6ae8-e569-09a9-15fc-fe783c147cf7/pr_source.png/300x0w.png,https://is5-ssl.mzstatic.com/image/thumb/Purple113/v4/29/8f/af/298faf19-f7f4-9ab9-c7da-26cf5e219e6b/pr_source.png/300x0w.png,© 2019 Focus Managment Corporation,http://sedona.tv,"4.7, 17 Ratings"
Banca currency converter,https://is3-ssl.mzstatic.com/image/thumb/Purple128/v4/7d/1b/8e/7d1b8ea4-b069-e96a-a30c-2f8987fa1982/AppIcon-1x_U007emarketing-0-0-GLES2_U002c0-512MB-sRGB-0-0-0-85-220-0-0-0-5.png/246x0w.png,https://is1-ssl.mzstatic.com/image/thumb/Purple118/v4/13/31/17/13311763-315f-f06e-1ccd-aff38b3aacc9/mzl.funejibz.png/300x0w.png,https://is4-ssl.mzstatic.com/image/thumb/Purple128/v4/7c/dd/9c/7cdd9c78-3104-1783-ff99-8b58493ebd8d/mzl.hznumrwn.png/300x0w.png,https://is1-ssl.mzstatic.com/image/thumb/Purple128/v4/9d/84/8f/9d848f57-5996-9250-dd19-8f85f50e416c/mzl.dqsvuere.png/643x0w.png,"© Radiant Tap, 2015",http://radianttap.com/banca/,"4.7, 3 Ratings"
"","","","","","","",""
"","","","","","","",""
American Airlines,https://is2-ssl.mzstatic.com/image/thumb/Purple114/v4/8f/38/50/8f385097-6df4-53d9-3f1f-c4ec4a7e271d/AppIcon-0-0-1x_U007emarketing-0-0-0-7-0-0-sRGB-0-0-0-GLES2_U002c0-512MB-85-220-0-0.png/246x0w.png,https://is3-ssl.mzstatic.com/image/thumb/Purple113/v4/f8/41/ff/f841ff20-09aa-81a1-b0d6-1c26cc19e766/mzl.hblkdqyv.png/300x0w.png,https://is1-ssl.mzstatic.com/image/thumb/Purple113/v4/b9/93/45/b99345f8-d16b-5d1f-5e29-109f0dbe0768/mzl.kayidudz.png/300x0w.png,https://is2-ssl.mzstatic.com/image/thumb/Purple113/v4/52/1e/32/521e323e-5848-2937-3412-6ed7911dac91/mzl.rsjjbkaq.png/300x0w.png,"© Copyright 2020 American Airlines, Inc.  All Rights Reserved.",http://www.aa.com/app,"4.4, 75.7K Ratings"
"","","","","","","",""
"","","","","","","",""
Gas Guru: Cheap Gas Prices,https://is5-ssl.mzstatic.com/image/thumb/Purple124/v4/15/40/a8/1540a8ff-3a87-73ee-b2a9-f3a428274672/AppIcon-0-0-1x_U007emarketing-0-0-0-4-0-0-sRGB-0-0-0-GLES2_U002c0-512MB-85-220-0-0.png/246x0w.png,https://is1-ssl.mzstatic.com/image/thumb/Purple114/v4/77/37/f0/7737f084-f425-3d7d-d011-20a76b3d30ee/pr_source.png/300x0w.png,https://is4-ssl.mzstatic.com/image/thumb/Purple124/v4/13/b0/33/13b03315-1811-979f-a463-b225a1576578/pr_source.png/300x0w.png,https://is4-ssl.mzstatic.com/image/thumb/Purple124/v4/93/bd/7b/93bd7b21-2b61-9bff-74a2-3e9a0b0d771a/pr_source.png/300x0w.png,© 2017 YP LLC. All rights reserved,https://www.yellowpages.com/gas-guru-app,"3.4, 1.9K Ratings"
"","","","","","","",""
Visit Pagosa Springs,https://is5-ssl.mzstatic.com/image/thumb/Purple114/v4/8b/07/66/8b07669c-3ba2-42c1-55f4-46969dbf0e2f/AppIcon-0-0-1x_U007emarketing-0-0-0-7-0-0-85-220.png/246x0w.png,https://is2-ssl.mzstatic.com/image/thumb/PurpleSource124/v4/91/08/f3/9108f38a-f049-7af0-0243-2bd3d15600d1/07c23a9f-f702-466a-a764-974eecb364c3_IMG_2154.PNG/300x0w.jpg,https://is5-ssl.mzstatic.com/image/thumb/Purple114/v4/0d/7b/e0/0d7be00e-ce49-7ffa-fe18-0be6c9aded55/pr_source.png/300x0w.png,https://is2-ssl.mzstatic.com/image/thumb/Purple114/v4/2a/17/96/2a17968a-7d6a-0987-b7ea-5357b5035bad/pr_source.png/300x0w.png,© 2020  Pagosa Springs Colorado,https://visitwidget.com/,"4.8, 72 Ratings"
"","","","","","","",""
"","","","","","","",""
"","","","","","","",""
Garden State Parkway 2018,https://is5-ssl.mzstatic.com/image/thumb/Purple128/v4/35/c2/e5/35c2e552-4f70-44e3-c5f5-7c4a6e9c6d42/AppIcon-1x_U007emarketing-0-0-GLES2_U002c0-512MB-sRGB-0-0-0-85-220-0-0-0-5.png/246x0w.png,https://is3-ssl.mzstatic.com/image/thumb/Purple118/v4/ed/31/29/ed3129c7-9997-b589-2cb4-9caf1d001eee/pr_source.png/300x0w.png,https://is2-ssl.mzstatic.com/image/thumb/Purple128/v4/8f/f8/17/8ff817d8-55b7-84fb-4b3d-39f10e055a46/pr_source.png/300x0w.png,https://is3-ssl.mzstatic.com/image/thumb/Purple128/v4/2a/25/11/2a251197-0f4d-2389-4132-c798d6bc7ecb/pr_source.png/300x0w.png,© 2012-2016 SmartRF Solutions LLC,http://www.whizkeys.com/,"5.0, 1 Rating"
"","","","","","","",""
"","","","","","","",""
"","","","","","","",""
Viator Tours &amp; Activities,https://is4-ssl.mzstatic.com/image/thumb/Purple123/v4/11/c0/fb/11c0fba7-3a10-8556-1e1c-13fe96cac6ab/AppIcon-1x_U007emarketing-0-7-0-85-220.png/246x0w.png,https://is2-ssl.mzstatic.com/image/thumb/Purple113/v4/d3/82/e5/d382e574-eb7c-011f-9ead-9ec8540606cf/pr_source.png/300x0w.png,https://is1-ssl.mzstatic.com/image/thumb/Purple123/v4/7f/43/61/7f436149-69f2-4f99-bffe-ecceab3319cc/pr_source.png/300x0w.png,https://is2-ssl.mzstatic.com/image/thumb/Purple123/v4/37/93/cb/3793cb61-674a-6360-19d6-7881c5dcc73b/pr_source.png/300x0w.png,© 2020 Viator,https://www.viator.com,"4.0, 1.4K Ratings"
"","","","","","","",""
"","","","","","","",""
"","","","","","","",""
Hitch - Regional Ridesharing,https://is4-ssl.mzstatic.com/image/thumb/Purple124/v4/d3/c5/51/d3c551a8-9093-f7dd-6e5a-7e5125796dbf/AppIcon-0-0-1x_U007emarketing-0-0-0-7-0-0-sRGB-0-0-0-GLES2_U002c0-512MB-85-220-0-0.png/246x0w.png,https://is5-ssl.mzstatic.com/image/thumb/Purple123/v4/73/7e/d2/737ed227-6ba9-4615-11da-7c4d28a3e5be/pr_source.jpg/300x0w.jpg,https://is5-ssl.mzstatic.com/image/thumb/Purple113/v4/a2/b8/71/a2b871c1-e534-87fa-43cc-1050f6293ff9/pr_source.jpg/300x0w.jpg,https://is4-ssl.mzstatic.com/image/thumb/Purple123/v4/17/68/80/176880ff-f5ae-762f-4e67-d83fd9a6e3b2/pr_source.jpg/300x0w.jpg,"© Hitch Technologies, Inc.",https://www.ridehitch.com,"4.3, 135 Ratings"
"","","","","","","",""
"","","","","","","",""
"","","","","","","",""
"","","","","","","",""
"","","","","","","",""
My Heading,https://is5-ssl.mzstatic.com/image/thumb/Purple3/v4/ac/a4/61/aca46193-7790-09db-2e47-8b443aa25f46/mzl.hstmvocc.png/246x0w.png,https://is1-ssl.mzstatic.com/image/thumb/Purple7/v4/f2/21/41/f2214147-ad15-dd8b-958b-64e1dcfb17f1/pr_source.png/300x0w.png,https://is1-ssl.mzstatic.com/image/thumb/Purple1/v4/9e/e5/7c/9ee57ca4-1f6b-48b5-b8ec-cf2947f75e68/pr_source.png/300x0w.png,https://is3-ssl.mzstatic.com/image/thumb/Purple7/v4/ab/06/c4/ab06c4ca-f557-5300-0b03-c0c0c5ea0b68/pr_source.png/300x0w.png,© 2013 McCall Bros Apps,https://sites.google.com/site/mccallbrosapps/myHeading,"3.0, 2 Ratings"
Riyadh Saudi Arabia Tourist,https://is4-ssl.mzstatic.com/image/thumb/Purple128/v4/ae/84/5d/ae845d25-e4ea-0018-7251-788b4f3ca597/AppIcon-1x_U007emarketing-85-220-0-6.png/246x0w.png,https://is4-ssl.mzstatic.com/image/thumb/Purple118/v4/69/4f/ff/694fff6d-1899-01db-9eb4-7cec560df338/pr_source.jpg/300x0w.jpg,https://is3-ssl.mzstatic.com/image/thumb/Purple118/v4/2b/40/92/2b4092c6-d6d9-c429-b2d9-6d093fe9852f/pr_source.jpg/300x0w.jpg,https://is1-ssl.mzstatic.com/image/thumb/Purple118/v4/73/2a/13/732a13fd-3687-da89-b8ba-f67fe9d3d34f/pr_source.jpg/300x0w.jpg,© KKR 2018,http://kkrapps.wix.com/kkrsoft,""
Find Mecca Qibla Prayer timing,https://is5-ssl.mzstatic.com/image/thumb/Purple118/v4/f7/f2/54/f7f254ff-6306-9a03-7db0-859e920011a3/AppIcon-1x_U007emarketing-85-220-6.png/246x0w.png,https://is1-ssl.mzstatic.com/image/thumb/Purple128/v4/b5/6e/26/b56e26ad-cca1-8851-743b-9c8648a0d832/pr_source.jpg/300x0w.jpg,https://is1-ssl.mzstatic.com/image/thumb/Purple118/v4/06/84/e5/0684e551-5333-3297-2897-a320953b607e/pr_source.jpg/300x0w.jpg,https://is5-ssl.mzstatic.com/image/thumb/Purple128/v4/a2/d4/f2/a2d4f20c-583c-aba1-21fb-c7eda7f0c83c/pr_source.jpg/300x0w.jpg,© VIDUR 2017,http://vidurapps.wix.com/vidur,""
"","","","","","","",""
"Fun Travel Games for Kids, Teenagers &amp; All The Family! Journeys go faster - play in the Car, a Plane, on a Boat!",https://is2-ssl.mzstatic.com/image/thumb/Purple7/v4/b2/26/b2/b226b206-c30a-0de6-7714-55295c6c533b/mzl.uivtnaya.jpg/246x0w.jpg,https://is4-ssl.mzstatic.com/image/thumb/Purple1/v4/32/27/e6/3227e63b-20af-1699-66ee-0efd714c58aa/pr_source.png/300x0w.png,https://is3-ssl.mzstatic.com/image/thumb/Purple5/v4/6a/f2/49/6af2493a-0c71-d5b8-340c-d42bdf583b98/pr_source.png/300x0w.png,https://is1-ssl.mzstatic.com/image/thumb/Purple5/v4/00/be/d1/00bed1db-35be-2085-3605-18dbb2c79631/pr_source.png/300x0w.png,© 2018 great-apps.biz,http://great-apps.biz/,"1.6, 7 Ratings"
"","","","","","","",""
NPS Yellowstone National Park,https://is4-ssl.mzstatic.com/image/thumb/Purple114/v4/66/84/a4/6684a401-77a3-8195-eb18-08ead4e55115/AppIcon-1x_U007emarketing-0-10-0-85-220.png/246x0w.png,https://is3-ssl.mzstatic.com/image/thumb/Purple113/v4/1f/d4/c4/1fd4c455-551a-42bd-31d1-1a044ad801d9/pr_source.jpg/300x0w.jpg,https://is4-ssl.mzstatic.com/image/thumb/Purple113/v4/bd/44/61/bd446180-0483-f13d-8d76-4369c3a46470/pr_source.jpg/300x0w.jpg,https://is5-ssl.mzstatic.com/image/thumb/Purple123/v4/3b/e8/df/3be8dfe1-ff46-265c-624d-ae237def7a6d/pr_source.jpg/300x0w.jpg,© United States Government Work,https://www.nps.gov/yell,"3.2, 168 Ratings"
Eldorado National Forest &#x2013; GPS,https://is1-ssl.mzstatic.com/image/thumb/Purple123/v4/9f/1b/b5/9f1bb5a4-c3bd-dfed-3faf-59be09de92c1/AppIcon-0-0-1x_U007emarketing-0-0-0-7-0-0-sRGB-0-0-0-GLES2_U002c0-512MB-85-220-0-0.png/246x0w.png,https://is3-ssl.mzstatic.com/image/thumb/Purple113/v4/37/90/5b/37905b9e-5d97-b3a6-32c1-f7f61e4fa7cb/pr_source.jpg/300x0w.jpg,https://is5-ssl.mzstatic.com/image/thumb/Purple123/v4/8d/dd/ea/8dddeaa0-2004-e690-0624-e4e8fba8bcc2/pr_source.jpg/300x0w.jpg,https://is3-ssl.mzstatic.com/image/thumb/Purple113/v4/06/6c/a5/066ca5b4-c221-d2b2-d008-1b865d0c2ba4/pr_source.jpg/300x0w.jpg,© Vishwam,https://bvishwam.wixsite.com/boatingmaps,""
"","","","","","","",""
"","","","","","","",""
"","","","","","","",""
Boarding Pass Scanner,https://is2-ssl.mzstatic.com/image/thumb/Purple111/v4/73/76/85/73768512-7faa-b4b6-7b9c-2b9423f89f23/mzl.ufqxillg.png/246x0w.png,https://is3-ssl.mzstatic.com/image/thumb/Purple111/v4/3f/5e/19/3f5e19b1-e5e9-2ab7-5c80-614270f298e2/mzl.ueditcgr.png/300x0w.png,https://is1-ssl.mzstatic.com/image/thumb/Purple122/v4/bf/8e/2b/bf8e2b33-51e1-f03b-582b-b6af18cf4ef1/mzl.ugtgmlqo.png/300x0w.png,/assets/images/supports/supports-FamilySharing@2x-f58f31bc78fe9fe7be3565abccbecb34.png,"© 2017 Samari Studios, LLC",http://bpscanner.samaristudios.com/,"2.0, 4 Ratings"
"","","","","","","",""
Porto: Wallpaper* City Guide,https://is1-ssl.mzstatic.com/image/thumb/Purple71/v4/0e/53/56/0e5356c4-0794-64c6-a63a-42e44029ae22/pr_source.png/246x0w.png,https://is1-ssl.mzstatic.com/image/thumb/Purple71/v4/3a/5c/50/3a5c507e-842e-fafa-2378-714ce8a4ecd0/pr_source.jpg/300x0w.jpg,https://is1-ssl.mzstatic.com/image/thumb/Purple71/v4/17/cc/1f/17cc1f26-b4c3-3e17-3a7b-96f0f6c0605c/pr_source.jpg/300x0w.jpg,https://is1-ssl.mzstatic.com/image/thumb/Purple71/v4/64/17/3c/64173c26-63ea-93b4-0c03-b83be8840e48/pr_source.jpg/300x0w.jpg,© 2016 Phaidon Press Limited,http://www.phaidon.com,""
WikiPal USA,https://is4-ssl.mzstatic.com/image/thumb/Purple114/v4/df/c1/e2/dfc1e2ce-cf20-5646-27d5-4048dac72de0/AppIcon-0-1x_U007emarketing-0-0-GLES2_U002c0-512MB-sRGB-0-0-0-85-220-0-0-0-7.png/246x0w.png,https://is2-ssl.mzstatic.com/image/thumb/Purple124/v4/be/df/5f/bedf5f08-dd7e-7bec-062c-40fe9feed7ca/mzl.ladylbij.png/300x0w.png,https://is1-ssl.mzstatic.com/image/thumb/Purple114/v4/ba/be/ac/babeacdb-c878-9b11-e0a2-e74937f2ae93/mzl.bkgdjqly.png/300x0w.png,https://is1-ssl.mzstatic.com/image/thumb/Purple124/v4/59/76/09/5976099c-eddb-8db7-0cf8-faef4b11fa09/mzl.mlldmdat.png/300x0w.png,© InfoSports,http://www.wikipalapp.com,"5.0, 1 Rating"
Dollar Mobile,https://is4-ssl.mzstatic.com/image/thumb/Purple123/v4/49/a0/88/49a08894-2089-9dce-0e5c-674577bda926/AppIcon-1x_U007emarketing-0-0-GLES2_U002c0-512MB-sRGB-0-0-0-85-220-0-0-0-8.png/246x0w.png,https://is4-ssl.mzstatic.com/image/thumb/Purple113/v4/05/b0/9d/05b09d37-4643-f7a3-b049-020582bf3c3f/pr_source.jpg/300x0w.jpg,https://is5-ssl.mzstatic.com/image/thumb/Purple113/v4/b6/2b/5e/b62b5ed9-c59e-7d52-bc76-efe596a304cf/pr_source.jpg/300x0w.jpg,https://is3-ssl.mzstatic.com/image/thumb/Purple123/v4/c6/67/92/c667922f-79ce-6a23-21cc-a670ac2b9e10/pr_source.jpg/300x0w.jpg,"© 2012 DOLLAR RENT A CAR, INC. ALL RIGHTS RESERVED",http://www.dollar.com/,"1.2, 177 Ratings"
"","","","","","","",""
Airport Codes,https://is3-ssl.mzstatic.com/image/thumb/Purple113/v4/08/f7/3c/08f73cb5-f987-d036-479a-283085226dff/AppIcon-0-0-1x_U007emarketing-0-0-0-7-0-0-sRGB-0-0-0-GLES2_U002c0-512MB-85-220-0-0.png/246x0w.png,https://is1-ssl.mzstatic.com/image/thumb/Purple123/v4/60/40/75/60407531-2a10-949a-1aed-a5a661c99d0b/pr_source.png/300x0w.png,https://is1-ssl.mzstatic.com/image/thumb/Purple123/v4/3c/0b/57/3c0b5783-c195-9546-84fe-6d8ba76519bf/pr_source.png/300x0w.png,/assets/images/supports/supports-FamilySharing@2x-f58f31bc78fe9fe7be3565abccbecb34.png,"© VersaEdge Software, LLC",http://www.versaedge.com/support/,"4.9, 156 Ratings"
"","","","","","","",""
"","","","","","","",""
Istanbul Offline Map &amp; Guide,https://is4-ssl.mzstatic.com/image/thumb/Purple118/v4/62/54/b9/6254b92b-d48e-d72b-f83e-6336fc4b7e02/AppIcon-IST-1x_U007emarketing-85-220-6.png/246x0w.png,https://is1-ssl.mzstatic.com/image/thumb/Purple128/v4/df/e4/1e/dfe41e46-be7c-2a0a-50cf-d76a919c64d2/pr_source.png/300x0w.png,https://is5-ssl.mzstatic.com/image/thumb/Purple118/v4/67/55/ec/6755ec75-d285-1154-43df-3181e907d9bb/pr_source.png/300x0w.png,https://is4-ssl.mzstatic.com/image/thumb/Purple128/v4/ff/56/a2/ff56a275-17d1-5c16-0f98-d1bcd2ac6936/pr_source.png/300x0w.png,© 2011 DA Apps,http://appfeedback.zendesk.com,"2.3, 3 Ratings"
"","","","","","","",""
